station,longitude,latitude,year,month,date,NDVI
Baise,106.62,23.9,2005,1,2005-01,0.089
Baise,106.62,23.9,2005,2,2005-02,0.1196
Baise,106.62,23.9,2005,3,2005-03,0.1358
Baise,106.62,23.9,2005,4,2005-04,0.2082
Baise,106.62,23.9,2005,5,2005-05,0.2073
Baise,106.62,23.9,2005,6,2005-06,0.1988
Baise,106.62,23.9,2005,7,2005-07,0.2216
Baise,106.62,23.9,2005,8,2005-08,0.2602
Baise,106.62,23.9,2005,9,2005-09,0.2177
Baise,106.62,23.9,2005,10,2005-10,0.1664
Baise,106.62,23.9,2005,11,2005-11,0.1888
Baise,106.62,23.9,2005,12,2005-12,0.1236
Baise,106.62,23.9,2006,1,2006-01,0.1196
Baise,106.62,23.9,2006,2,2006-02,0.1611
Baise,106.62,23.9,2006,3,2006-03,0.1396
Baise,106.62,23.9,2006,4,2006-04,0.1988
Baise,106.62,23.9,2006,5,2006-05,0.2212
Baise,106.62,23.9,2006,6,2006-06,0.2266
Baise,106.62,23.9,2006,7,2006-07,0.2155
Baise,106.62,23.9,2006,8,2006-08,0.2772
Baise,106.62,23.9,2006,9,2006-09,0.2214
Baise,106.62,23.9,2006,10,2006-10,0.2135
Baise,106.62,23.9,2006,11,2006-11,0.1242
Baise,106.62,23.9,2006,12,2006-12,0.1355
Baise,106.62,23.9,2007,1,2007-01,0.1324
Baise,106.62,23.9,2007,2,2007-02,0.1402
Baise,106.62,23.9,2007,3,2007-03,0.1623
Baise,106.62,23.9,2007,4,2007-04,0.1822
Baise,106.62,23.9,2007,5,2007-05,0.1988
Baise,106.62,23.9,2007,6,2007-06,0.2048
Baise,106.62,23.9,2007,7,2007-07,0.2744
Baise,106.62,23.9,2007,8,2007-08,0.2276
Baise,106.62,23.9,2007,9,2007-09,0.2274
Baise,106.62,23.9,2007,10,2007-10,0.16
Baise,106.62,23.9,2007,11,2007-11,0.1904
Baise,106.62,23.9,2007,12,2007-12,0.0934
Baise,106.62,23.9,2008,1,2008-01,0.0702
Baise,106.62,23.9,2008,2,2008-02,0.1306
Baise,106.62,23.9,2008,3,2008-03,0.144
Baise,106.62,23.9,2008,4,2008-04,0.2048
Baise,106.62,23.9,2008,5,2008-05,0.2136
Baise,106.62,23.9,2008,6,2008-06,0.2437
Baise,106.62,23.9,2008,7,2008-07,0.2484
Baise,106.62,23.9,2008,8,2008-08,0.2341
Baise,106.62,23.9,2008,9,2008-09,0.2365
Baise,106.62,23.9,2008,10,2008-10,0.2159
Baise,106.62,23.9,2008,11,2008-11,0.2142
Baise,106.62,23.9,2008,12,2008-12,0.1168
Baise,106.62,23.9,2009,1,2009-01,0.1348
Baise,106.62,23.9,2009,2,2009-02,0.1803
Baise,106.62,23.9,2009,3,2009-03,0.1679
Baise,106.62,23.9,2009,4,2009-04,0.1937
Baise,106.62,23.9,2009,5,2009-05,0.206
Baise,106.62,23.9,2009,6,2009-06,0.2072
Baise,106.62,23.9,2009,7,2009-07,0.2532
Baise,106.62,23.9,2009,8,2009-08,0.2385
Baise,106.62,23.9,2009,9,2009-09,0.2305
Baise,106.62,23.9,2009,10,2009-10,0.2158
Baise,106.62,23.9,2009,11,2009-11,0.1898
Baise,106.62,23.9,2009,12,2009-12,0.0892
Baise,106.62,23.9,2010,1,2010-01,0.0983
Baise,106.62,23.9,2010,2,2010-02,0.1505
Baise,106.62,23.9,2010,3,2010-03,0.1372
Baise,106.62,23.9,2010,4,2010-04,0.1972
Baise,106.62,23.9,2010,5,2010-05,0.2135
Baise,106.62,23.9,2010,6,2010-06,0.2402
Baise,106.62,23.9,2010,7,2010-07,0.2122
Baise,106.62,23.9,2010,8,2010-08,0.2061
Baise,106.62,23.9,2010,9,2010-09,0.2323
Baise,106.62,23.9,2010,10,2010-10,0.2418
Baise,106.62,23.9,2010,11,2010-11,0.1788
Baise,106.62,23.9,2010,12,2010-12,0.1767
Baise,106.62,23.9,2011,1,2011-01,0.0859
Baise,106.62,23.9,2011,2,2011-02,0.1235
Baise,106.62,23.9,2011,3,2011-03,0.1174
Baise,106.62,23.9,2011,4,2011-04,0.1334
Baise,106.62,23.9,2011,5,2011-05,0.2126
Baise,106.62,23.9,2011,6,2011-06,0.2002
Baise,106.62,23.9,2011,7,2011-07,0.2392
Baise,106.62,23.9,2011,8,2011-08,0.2586
Baise,106.62,23.9,2011,9,2011-09,0.3048
Baise,106.62,23.9,2011,10,2011-10,0.2352
Baise,106.62,23.9,2011,11,2011-11,0.2155
Baise,106.62,23.9,2011,12,2011-12,0.17
Baise,106.62,23.9,2012,1,2012-01,0.0402
Baise,106.62,23.9,2012,2,2012-02,0.125
Baise,106.62,23.9,2012,3,2012-03,0.1495
Baise,106.62,23.9,2012,4,2012-04,0.2025
Baise,106.62,23.9,2012,5,2012-05,0.1828
Baise,106.62,23.9,2012,6,2012-06,0.2762
Baise,106.62,23.9,2012,7,2012-07,0.2562
Baise,106.62,23.9,2012,8,2012-08,0.247
Baise,106.62,23.9,2012,9,2012-09,0.2192
Baise,106.62,23.9,2012,10,2012-10,0.255
Baise,106.62,23.9,2012,11,2012-11,0.1756
Baise,106.62,23.9,2012,12,2012-12,0.1188
Baise,106.62,23.9,2013,1,2013-01,0.0459
Baise,106.62,23.9,2013,2,2013-02,0.1496
Baise,106.62,23.9,2013,3,2013-03,0.1728
Baise,106.62,23.9,2013,4,2013-04,0.2348
Baise,106.62,23.9,2013,5,2013-05,0.2019
Baise,106.62,23.9,2013,6,2013-06,0.2248
Baise,106.62,23.9,2013,7,2013-07,0.2408
Baise,106.62,23.9,2013,8,2013-08,0.2467
Baise,106.62,23.9,2013,9,2013-09,0.248
Baise,106.62,23.9,2013,10,2013-10,0.2387
Baise,106.62,23.9,2013,11,2013-11,0.2054
Baise,106.62,23.9,2013,12,2013-12,0.1722
Baise,106.62,23.9,2014,1,2014-01,0.1495
Baise,106.62,23.9,2014,2,2014-02,0.2036
Baise,106.62,23.9,2014,3,2014-03,0.1698
Baise,106.62,23.9,2014,4,2014-04,0.1703
Baise,106.62,23.9,2014,5,2014-05,0.2197
Baise,106.62,23.9,2014,6,2014-06,0.2408
Baise,106.62,23.9,2014,7,2014-07,0.2548
Baise,106.62,23.9,2014,8,2014-08,0.2712
Baise,106.62,23.9,2014,9,2014-09,0.2865
Baise,106.62,23.9,2014,10,2014-10,0.1984
Baise,106.62,23.9,2014,11,2014-11,0.1445
Baise,106.62,23.9,2014,12,2014-12,0.1896
Baise,106.62,23.9,2015,1,2015-01,0.1531
Baise,106.62,23.9,2015,2,2015-02,0.1478
Baise,106.62,23.9,2015,3,2015-03,0.2262
Baise,106.62,23.9,2015,4,2015-04,0.2322
Baise,106.62,23.9,2015,5,2015-05,0.323
Baise,106.62,23.9,2015,6,2015-06,0.261
Baise,106.62,23.9,2015,7,2015-07,0.2498
Baise,106.62,23.9,2015,8,2015-08,0.3208
Baise,106.62,23.9,2015,9,2015-09,0.2162
Baise,106.62,23.9,2015,10,2015-10,0.2294
Baise,106.62,23.9,2015,11,2015-11,0.2438
Baise,106.62,23.9,2015,12,2015-12,0.1856
Baise,106.62,23.9,2016,1,2016-01,0.0618
Baise,106.62,23.9,2016,2,2016-02,0.213
Baise,106.62,23.9,2016,3,2016-03,0.2028
Baise,106.62,23.9,2016,4,2016-04,0.2387
Baise,106.62,23.9,2016,5,2016-05,0.2336
Baise,106.62,23.9,2016,6,2016-06,0.2246
Baise,106.62,23.9,2016,7,2016-07,0.2336
Baise,106.62,23.9,2016,8,2016-08,0.2448
Baise,106.62,23.9,2016,9,2016-09,0.3403
Baise,106.62,23.9,2016,10,2016-10,0.2258
Baise,106.62,23.9,2016,11,2016-11,0.2395
Baise,106.62,23.9,2016,12,2016-12,0.2191
Baise,106.62,23.9,2017,1,2017-01,0.1553
Baise,106.62,23.9,2017,2,2017-02,0.1648
Baise,106.62,23.9,2017,3,2017-03,0.2109
Baise,106.62,23.9,2017,4,2017-04,0.2491
Baise,106.62,23.9,2017,5,2017-05,0.2607
Baise,106.62,23.9,2017,6,2017-06,0.1574
Baise,106.62,23.9,2017,7,2017-07,0.3056
Baise,106.62,23.9,2017,8,2017-08,0.2752
Baise,106.62,23.9,2017,9,2017-09,0.2546
Baise,106.62,23.9,2017,10,2017-10,0.1996
Baise,106.62,23.9,2017,11,2017-11,0.2598
Baise,106.62,23.9,2017,12,2017-12,0.1949
Baise,106.62,23.9,2018,1,2018-01,0.116
Baise,106.62,23.9,2018,2,2018-02,0.1889
Baise,106.62,23.9,2018,3,2018-03,0.2454
Baise,106.62,23.9,2018,4,2018-04,0.2562
Baise,106.62,23.9,2018,5,2018-05,0.2766
Baise,106.62,23.9,2018,6,2018-06,0.243
Baise,106.62,23.9,2018,7,2018-07,0.257
Baise,106.62,23.9,2018,8,2018-08,0.2956
Baise,106.62,23.9,2018,9,2018-09,0.2779
Baise,106.62,23.9,2018,10,2018-10,0.2726
Baise,106.62,23.9,2018,11,2018-11,0.2563
Baise,106.62,23.9,2018,12,2018-12,0.1608
Baise,106.62,23.9,2019,1,2019-01,0.0684
Baise,106.62,23.9,2019,2,2019-02,0.2162
Baise,106.62,23.9,2019,3,2019-03,0.184
Baise,106.62,23.9,2019,4,2019-04,0.2473
Baise,106.62,23.9,2019,5,2019-05,0.2182
Baise,106.62,23.9,2019,6,2019-06,0.2657
Baise,106.62,23.9,2019,7,2019-07,0.2314
Baise,106.62,23.9,2019,8,2019-08,0.262
Baise,106.62,23.9,2019,9,2019-09,0.2128
Baise,106.62,23.9,2019,10,2019-10,0.3691
Baise,106.62,23.9,2019,11,2019-11,0.2006
Baise,106.62,23.9,2019,12,2019-12,0.1813
Baise,106.62,23.9,2020,1,2020-01,0.1714
Baise,106.62,23.9,2020,2,2020-02,0.2188
Baise,106.62,23.9,2020,3,2020-03,0.1733
Baise,106.62,23.9,2020,4,2020-04,0.2261
Baise,106.62,23.9,2020,5,2020-05,0.2289
Baise,106.62,23.9,2020,6,2020-06,0.2596
Baise,106.62,23.9,2020,7,2020-07,0.2519
Baise,106.62,23.9,2020,8,2020-08,0.295
Baise,106.62,23.9,2020,9,2020-09,0.2254
Baise,106.62,23.9,2020,10,2020-10,0.2645
Baise,106.62,23.9,2020,11,2020-11,0.1841
Baise,106.62,23.9,2020,12,2020-12,0.1803
Baise,106.62,23.9,2021,1,2021-01,0.2248
Baise,106.62,23.9,2021,2,2021-02,0.1608
Baise,106.62,23.9,2021,3,2021-03,0.1781
Baise,106.62,23.9,2021,4,2021-04,0.24
Baise,106.62,23.9,2021,5,2021-05,0.247
Baise,106.62,23.9,2021,6,2021-06,0.1745
Baise,106.62,23.9,2021,7,2021-07,0.3251
Baise,106.62,23.9,2021,8,2021-08,0.2454
Baise,106.62,23.9,2021,9,2021-09,0.2622
Baise,106.62,23.9,2021,10,2021-10,0.2075
Baise,106.62,23.9,2021,11,2021-11,0.1903
Baise,106.62,23.9,2021,12,2021-12,0.1522
Baise,106.62,23.9,2022,1,2022-01,0.165
Baise,106.62,23.9,2022,2,2022-02,0.0876
Baise,106.62,23.9,2022,3,2022-03,0.231
Baise,106.62,23.9,2022,4,2022-04,0.3706
Baise,106.62,23.9,2022,5,2022-05,0.2336
Baise,106.62,23.9,2022,6,2022-06,0.2468
Baise,106.62,23.9,2022,7,2022-07,0.2829
Baise,106.62,23.9,2022,8,2022-08,0.2622
Baise,106.62,23.9,2022,9,2022-09,0.3308
Baise,106.62,23.9,2022,10,2022-10,0.2486
Baise,106.62,23.9,2022,11,2022-11,0.2206
Baise,106.62,23.9,2022,12,2022-12,0.2221
Baise,106.62,23.9,2023,1,2023-01,0.2183
Baise,106.62,23.9,2023,2,2023-02,0.2104
Baise,106.62,23.9,2023,3,2023-03,0.1995
Baise,106.62,23.9,2023,4,2023-04,0.1634
Baise,106.62,23.9,2023,5,2023-05,0.2132
Baise,106.62,23.9,2023,6,2023-06,0.2078
Baise,106.62,23.9,2023,7,2023-07,0.2632
Baise,106.62,23.9,2023,8,2023-08,0.2228
Baise,106.62,23.9,2023,9,2023-09,0.236
Baise,106.62,23.9,2023,10,2023-10,0.2679
Baise,106.62,23.9,2023,11,2023-11,0.2064
Baise,106.62,23.9,2023,12,2023-12,0.1703
Baise,106.62,23.9,2024,1,2024-01,0.1081
Baise,106.62,23.9,2024,2,2024-02,0.1972
Baise,106.62,23.9,2024,3,2024-03,0.1947
Baise,106.62,23.9,2024,4,2024-04,0.167
Baise,106.62,23.9,2024,5,2024-05,0.2282
Baise,106.62,23.9,2024,6,2024-06,0.1861
Baise,106.62,23.9,2024,7,2024-07,0.2514
Baise,106.62,23.9,2024,8,2024-08,0.225
Baise,106.62,23.9,2024,9,2024-09,0.2264
Baise,106.62,23.9,2024,10,2024-10,0.2243
Baise,106.62,23.9,2024,11,2024-11,0.1423
Baise,106.62,23.9,2024,12,2024-12,0.135
Beihai,109.12,21.48,2005,1,2005-01,0.2155
Beihai,109.12,21.48,2005,2,2005-02,0.2862
Beihai,109.12,21.48,2005,3,2005-03,0.229
Beihai,109.12,21.48,2005,4,2005-04,0.3291
Beihai,109.12,21.48,2005,5,2005-05,0.3729
Beihai,109.12,21.48,2005,6,2005-06,0.2066
Beihai,109.12,21.48,2005,7,2005-07,0.4904
Beihai,109.12,21.48,2005,8,2005-08,0.3038
Beihai,109.12,21.48,2005,9,2005-09,0.4486
Beihai,109.12,21.48,2005,10,2005-10,0.3114
Beihai,109.12,21.48,2005,11,2005-11,0.2859
Beihai,109.12,21.48,2005,12,2005-12,0.3744
Beihai,109.12,21.48,2006,1,2006-01,0.1928
Beihai,109.12,21.48,2006,2,2006-02,0.1935
Beihai,109.12,21.48,2006,3,2006-03,0.1385
Beihai,109.12,21.48,2006,4,2006-04,0.3597
Beihai,109.12,21.48,2006,5,2006-05,0.3578
Beihai,109.12,21.48,2006,6,2006-06,0.4302
Beihai,109.12,21.48,2006,7,2006-07,0.236
Beihai,109.12,21.48,2006,8,2006-08,0.2876
Beihai,109.12,21.48,2006,9,2006-09,0.3663
Beihai,109.12,21.48,2006,10,2006-10,0.3482
Beihai,109.12,21.48,2006,11,2006-11,0.3598
Beihai,109.12,21.48,2006,12,2006-12,0.2904
Beihai,109.12,21.48,2007,1,2007-01,0.4356
Beihai,109.12,21.48,2007,2,2007-02,0.1568
Beihai,109.12,21.48,2007,3,2007-03,0.298
Beihai,109.12,21.48,2007,4,2007-04,0.2168
Beihai,109.12,21.48,2007,5,2007-05,0.3485
Beihai,109.12,21.48,2007,6,2007-06,0.1854
Beihai,109.12,21.48,2007,7,2007-07,0.5158
Beihai,109.12,21.48,2007,8,2007-08,0.2126
Beihai,109.12,21.48,2007,9,2007-09,0.5026
Beihai,109.12,21.48,2007,10,2007-10,0.6079
Beihai,109.12,21.48,2007,11,2007-11,0.3569
Beihai,109.12,21.48,2007,12,2007-12,0.2441
Beihai,109.12,21.48,2008,1,2008-01,0.1124
Beihai,109.12,21.48,2008,2,2008-02,0.1723
Beihai,109.12,21.48,2008,3,2008-03,0.2768
Beihai,109.12,21.48,2008,4,2008-04,0.2452
Beihai,109.12,21.48,2008,5,2008-05,0.3698
Beihai,109.12,21.48,2008,6,2008-06,0.4391
Beihai,109.12,21.48,2008,7,2008-07,0.317
Beihai,109.12,21.48,2008,8,2008-08,0.1351
Beihai,109.12,21.48,2008,9,2008-09,0.4634
Beihai,109.12,21.48,2008,10,2008-10,0.478
Beihai,109.12,21.48,2008,11,2008-11,0.3535
Beihai,109.12,21.48,2008,12,2008-12,0.3556
Beihai,109.12,21.48,2009,1,2009-01,0.2796
Beihai,109.12,21.48,2009,2,2009-02,0.2626
Beihai,109.12,21.48,2009,3,2009-03,0.2947
Beihai,109.12,21.48,2009,4,2009-04,0.3548
Beihai,109.12,21.48,2009,5,2009-05,0.372
Beihai,109.12,21.48,2009,6,2009-06,0.3934
Beihai,109.12,21.48,2009,7,2009-07,0.3426
Beihai,109.12,21.48,2009,8,2009-08,0.3555
Beihai,109.12,21.48,2009,9,2009-09,0.45
Beihai,109.12,21.48,2009,10,2009-10,0.4703
Beihai,109.12,21.48,2009,11,2009-11,0.4406
Beihai,109.12,21.48,2009,12,2009-12,0.2035
Beihai,109.12,21.48,2010,1,2010-01,0.199
Beihai,109.12,21.48,2010,2,2010-02,0.3878
Beihai,109.12,21.48,2010,3,2010-03,0.1316
Beihai,109.12,21.48,2010,4,2010-04,0.1756
Beihai,109.12,21.48,2010,5,2010-05,0.2854
Beihai,109.12,21.48,2010,6,2010-06,0.3032
Beihai,109.12,21.48,2010,7,2010-07,0.3174
Beihai,109.12,21.48,2010,8,2010-08,0.2891
Beihai,109.12,21.48,2010,9,2010-09,0.5226
Beihai,109.12,21.48,2010,10,2010-10,0.4228
Beihai,109.12,21.48,2010,11,2010-11,0.451
Beihai,109.12,21.48,2010,12,2010-12,0.3495
Beihai,109.12,21.48,2011,1,2011-01,0.3622
Beihai,109.12,21.48,2011,2,2011-02,0.3459
Beihai,109.12,21.48,2011,3,2011-03,0.0349
Beihai,109.12,21.48,2011,4,2011-04,0.3158
Beihai,109.12,21.48,2011,5,2011-05,0.3555
Beihai,109.12,21.48,2011,6,2011-06,0.329
Beihai,109.12,21.48,2011,7,2011-07,0.3708
Beihai,109.12,21.48,2011,8,2011-08,0.3929
Beihai,109.12,21.48,2011,9,2011-09,0.5345
Beihai,109.12,21.48,2011,10,2011-10,0.3681
Beihai,109.12,21.48,2011,11,2011-11,0.4228
Beihai,109.12,21.48,2011,12,2011-12,0.583
Beihai,109.12,21.48,2012,1,2012-01,0.017
Beihai,109.12,21.48,2012,2,2012-02,0.1479
Beihai,109.12,21.48,2012,3,2012-03,0.1329
Beihai,109.12,21.48,2012,4,2012-04,0.2981
Beihai,109.12,21.48,2012,5,2012-05,0.1925
Beihai,109.12,21.48,2012,6,2012-06,0.3909
Beihai,109.12,21.48,2012,7,2012-07,0.4066
Beihai,109.12,21.48,2012,8,2012-08,0.385
Beihai,109.12,21.48,2012,9,2012-09,0.4908
Beihai,109.12,21.48,2012,10,2012-10,0.431
Beihai,109.12,21.48,2012,11,2012-11,0.4944
Beihai,109.12,21.48,2012,12,2012-12,0.1486
Beihai,109.12,21.48,2013,1,2013-01,0.2713
Beihai,109.12,21.48,2013,2,2013-02,0.1268
Beihai,109.12,21.48,2013,3,2013-03,0.3803
Beihai,109.12,21.48,2013,4,2013-04,0.1376
Beihai,109.12,21.48,2013,5,2013-05,0.3522
Beihai,109.12,21.48,2013,6,2013-06,0.5116
Beihai,109.12,21.48,2013,7,2013-07,0.1843
Beihai,109.12,21.48,2013,8,2013-08,0.3063
Beihai,109.12,21.48,2013,9,2013-09,0.5909
Beihai,109.12,21.48,2013,10,2013-10,0.3469
Beihai,109.12,21.48,2013,11,2013-11,0.5406
Beihai,109.12,21.48,2013,12,2013-12,0.308
Beihai,109.12,21.48,2014,1,2014-01,0.3824
Beihai,109.12,21.48,2014,2,2014-02,0.2225
Beihai,109.12,21.48,2014,3,2014-03,0.1647
Beihai,109.12,21.48,2014,4,2014-04,0.0782
Beihai,109.12,21.48,2014,5,2014-05,0.3404
Beihai,109.12,21.48,2014,6,2014-06,0.429
Beihai,109.12,21.48,2014,7,2014-07,0.3105
Beihai,109.12,21.48,2014,8,2014-08,0.445
Beihai,109.12,21.48,2014,9,2014-09,0.4654
Beihai,109.12,21.48,2014,10,2014-10,0.452
Beihai,109.12,21.48,2014,11,2014-11,0.3647
Beihai,109.12,21.48,2014,12,2014-12,0.4234
Beihai,109.12,21.48,2015,1,2015-01,0.4096
Beihai,109.12,21.48,2015,2,2015-02,0.2216
Beihai,109.12,21.48,2015,3,2015-03,0.4876
Beihai,109.12,21.48,2015,4,2015-04,0.322
Beihai,109.12,21.48,2015,5,2015-05,0.3525
Beihai,109.12,21.48,2015,6,2015-06,0.2739
Beihai,109.12,21.48,2015,7,2015-07,0.4966
Beihai,109.12,21.48,2015,8,2015-08,0.5118
Beihai,109.12,21.48,2015,9,2015-09,0.3105
Beihai,109.12,21.48,2015,10,2015-10,0.6002
Beihai,109.12,21.48,2015,11,2015-11,0.405
Beihai,109.12,21.48,2015,12,2015-12,0.3452
Beihai,109.12,21.48,2016,1,2016-01,0.405
Beihai,109.12,21.48,2016,2,2016-02,0.3567
Beihai,109.12,21.48,2016,3,2016-03,0.1974
Beihai,109.12,21.48,2016,4,2016-04,0.2899
Beihai,109.12,21.48,2016,5,2016-05,0.3786
Beihai,109.12,21.48,2016,6,2016-06,0.2916
Beihai,109.12,21.48,2016,7,2016-07,0.4381
Beihai,109.12,21.48,2016,8,2016-08,0.4346
Beihai,109.12,21.48,2016,9,2016-09,0.591
Beihai,109.12,21.48,2016,10,2016-10,0.4285
Beihai,109.12,21.48,2016,11,2016-11,0.5384
Beihai,109.12,21.48,2016,12,2016-12,0.5726
Beihai,109.12,21.48,2017,1,2017-01,0.5751
Beihai,109.12,21.48,2017,2,2017-02,0.3014
Beihai,109.12,21.48,2017,3,2017-03,0.3486
Beihai,109.12,21.48,2017,4,2017-04,0.3787
Beihai,109.12,21.48,2017,5,2017-05,0.4295
Beihai,109.12,21.48,2017,6,2017-06,0.2012
Beihai,109.12,21.48,2017,7,2017-07,0.5188
Beihai,109.12,21.48,2017,8,2017-08,0.538
Beihai,109.12,21.48,2017,9,2017-09,0.4218
Beihai,109.12,21.48,2017,10,2017-10,0.7564
Beihai,109.12,21.48,2017,11,2017-11,0.5678
Beihai,109.12,21.48,2017,12,2017-12,0.3548
Beihai,109.12,21.48,2018,1,2018-01,0.4954
Beihai,109.12,21.48,2018,2,2018-02,0.2414
Beihai,109.12,21.48,2018,3,2018-03,0.2664
Beihai,109.12,21.48,2018,4,2018-04,0.2551
Beihai,109.12,21.48,2018,5,2018-05,0.2965
Beihai,109.12,21.48,2018,6,2018-06,0.4282
Beihai,109.12,21.48,2018,7,2018-07,0.2987
Beihai,109.12,21.48,2018,8,2018-08,0.2968
Beihai,109.12,21.48,2018,9,2018-09,0.4406
Beihai,109.12,21.48,2018,10,2018-10,0.6207
Beihai,109.12,21.48,2018,11,2018-11,0.4378
Beihai,109.12,21.48,2018,12,2018-12,0.3926
Beihai,109.12,21.48,2019,1,2019-01,0.3109
Beihai,109.12,21.48,2019,2,2019-02,0.2709
Beihai,109.12,21.48,2019,3,2019-03,0.4056
Beihai,109.12,21.48,2019,4,2019-04,0.2509
Beihai,109.12,21.48,2019,5,2019-05,0.4116
Beihai,109.12,21.48,2019,6,2019-06,0.6188
Beihai,109.12,21.48,2019,7,2019-07,0.3712
Beihai,109.12,21.48,2019,8,2019-08,0.4458
Beihai,109.12,21.48,2019,9,2019-09,0.6092
Beihai,109.12,21.48,2019,10,2019-10,0.4987
Beihai,109.12,21.48,2019,11,2019-11,0.537
Beihai,109.12,21.48,2019,12,2019-12,0.3792
Beihai,109.12,21.48,2020,1,2020-01,0.3184
Beihai,109.12,21.48,2020,2,2020-02,0.315
Beihai,109.12,21.48,2020,3,2020-03,0.2709
Beihai,109.12,21.48,2020,4,2020-04,0.3778
Beihai,109.12,21.48,2020,5,2020-05,0.1883
Beihai,109.12,21.48,2020,6,2020-06,0.2482
Beihai,109.12,21.48,2020,7,2020-07,0.3594
Beihai,109.12,21.48,2020,8,2020-08,0.4143
Beihai,109.12,21.48,2020,9,2020-09,0.2726
Beihai,109.12,21.48,2020,10,2020-10,0.5048
Beihai,109.12,21.48,2020,11,2020-11,0.4876
Beihai,109.12,21.48,2020,12,2020-12,0.4288
Beihai,109.12,21.48,2021,1,2021-01,0.5032
Beihai,109.12,21.48,2021,2,2021-02,0.4412
Beihai,109.12,21.48,2021,3,2021-03,0.3544
Beihai,109.12,21.48,2021,4,2021-04,0.3353
Beihai,109.12,21.48,2021,5,2021-05,0.4106
Beihai,109.12,21.48,2021,6,2021-06,0.5036
Beihai,109.12,21.48,2021,7,2021-07,0.2966
Beihai,109.12,21.48,2021,8,2021-08,0.3979
Beihai,109.12,21.48,2021,9,2021-09,0.3178
Beihai,109.12,21.48,2021,10,2021-10,0.5038
Beihai,109.12,21.48,2021,11,2021-11,0.5414
Beihai,109.12,21.48,2021,12,2021-12,0.4376
Beihai,109.12,21.48,2022,1,2022-01,0.3676
Beihai,109.12,21.48,2022,2,2022-02,0.2782
Beihai,109.12,21.48,2022,3,2022-03,0.3734
Beihai,109.12,21.48,2022,4,2022-04,0.4213
Beihai,109.12,21.48,2022,5,2022-05,0.252
Beihai,109.12,21.48,2022,6,2022-06,0.2222
Beihai,109.12,21.48,2022,7,2022-07,0.2881
Beihai,109.12,21.48,2022,8,2022-08,0.5903
Beihai,109.12,21.48,2022,9,2022-09,0.5107
Beihai,109.12,21.48,2022,10,2022-10,0.4416
Beihai,109.12,21.48,2022,11,2022-11,0.465
Beihai,109.12,21.48,2022,12,2022-12,0.4832
Beihai,109.12,21.48,2023,1,2023-01,0.2984
Beihai,109.12,21.48,2023,2,2023-02,0.3508
Beihai,109.12,21.48,2023,3,2023-03,0.4354
Beihai,109.12,21.48,2023,4,2023-04,0.5334
Beihai,109.12,21.48,2023,5,2023-05,0.4949
Beihai,109.12,21.48,2023,6,2023-06,0.5147
Beihai,109.12,21.48,2023,7,2023-07,0.3582
Beihai,109.12,21.48,2023,8,2023-08,0.5397
Beihai,109.12,21.48,2023,9,2023-09,0.5971
Beihai,109.12,21.48,2023,10,2023-10,0.7709
Beihai,109.12,21.48,2023,11,2023-11,0.2619
Beihai,109.12,21.48,2023,12,2023-12,0.612
Beihai,109.12,21.48,2024,1,2024-01,0.4889
Beihai,109.12,21.48,2024,2,2024-02,0.224
Beihai,109.12,21.48,2024,3,2024-03,0.4042
Beihai,109.12,21.48,2024,4,2024-04,0.2642
Beihai,109.12,21.48,2024,5,2024-05,0.1104
Beihai,109.12,21.48,2024,6,2024-06,0.1872
Beihai,109.12,21.48,2024,7,2024-07,0.3344
Beihai,109.12,21.48,2024,8,2024-08,0.4042
Beihai,109.12,21.48,2024,9,2024-09,0.5097
Beihai,109.12,21.48,2024,10,2024-10,0.5689
Beihai,109.12,21.48,2024,11,2024-11,0.5204
Beihai,109.12,21.48,2024,12,2024-12,0.3155
Fangchenggang,108.35,21.69,2005,1,2005-01,0.0804
Fangchenggang,108.35,21.69,2005,2,2005-02,0.2214
Fangchenggang,108.35,21.69,2005,3,2005-03,0.3954
Fangchenggang,108.35,21.69,2005,4,2005-04,0.2102
Fangchenggang,108.35,21.69,2005,5,2005-05,0.1348
Fangchenggang,108.35,21.69,2005,6,2005-06,0.1422
Fangchenggang,108.35,21.69,2005,7,2005-07,0.3486
Fangchenggang,108.35,21.69,2005,8,2005-08,0.3114
Fangchenggang,108.35,21.69,2005,9,2005-09,0.4288
Fangchenggang,108.35,21.69,2005,10,2005-10,0.3924
Fangchenggang,108.35,21.69,2005,11,2005-11,0.336
Fangchenggang,108.35,21.69,2005,12,2005-12,0.0238
Fangchenggang,108.35,21.69,2006,1,2006-01,0.1618
Fangchenggang,108.35,21.69,2006,2,2006-02,-0.0004
Fangchenggang,108.35,21.69,2006,3,2006-03,0.0352
Fangchenggang,108.35,21.69,2006,4,2006-04,0.2516
Fangchenggang,108.35,21.69,2006,5,2006-05,
Fangchenggang,108.35,21.69,2006,6,2006-06,0.4482
Fangchenggang,108.35,21.69,2006,7,2006-07,0.3231
Fangchenggang,108.35,21.69,2006,8,2006-08,0.3697
Fangchenggang,108.35,21.69,2006,9,2006-09,0.3894
Fangchenggang,108.35,21.69,2006,10,2006-10,0.2274
Fangchenggang,108.35,21.69,2006,11,2006-11,0.3354
Fangchenggang,108.35,21.69,2006,12,2006-12,0.4749
Fangchenggang,108.35,21.69,2007,1,2007-01,0.3627
Fangchenggang,108.35,21.69,2007,2,2007-02,0.3573
Fangchenggang,108.35,21.69,2007,3,2007-03,0.3103
Fangchenggang,108.35,21.69,2007,4,2007-04,0.3183
Fangchenggang,108.35,21.69,2007,5,2007-05,0.372
Fangchenggang,108.35,21.69,2007,6,2007-06,0.2824
Fangchenggang,108.35,21.69,2007,7,2007-07,
Fangchenggang,108.35,21.69,2007,8,2007-08,0.5369
Fangchenggang,108.35,21.69,2007,9,2007-09,0.4024
Fangchenggang,108.35,21.69,2007,10,2007-10,0.4266
Fangchenggang,108.35,21.69,2007,11,2007-11,0.433
Fangchenggang,108.35,21.69,2007,12,2007-12,0.5008
Fangchenggang,108.35,21.69,2008,1,2008-01,0.4922
Fangchenggang,108.35,21.69,2008,2,2008-02,0.181
Fangchenggang,108.35,21.69,2008,3,2008-03,
Fangchenggang,108.35,21.69,2008,4,2008-04,0.4412
Fangchenggang,108.35,21.69,2008,5,2008-05,0.2048
Fangchenggang,108.35,21.69,2008,6,2008-06,0.0932
Fangchenggang,108.35,21.69,2008,7,2008-07,0.2529
Fangchenggang,108.35,21.69,2008,8,2008-08,
Fangchenggang,108.35,21.69,2008,9,2008-09,0.4673
Fangchenggang,108.35,21.69,2008,10,2008-10,0.5217
Fangchenggang,108.35,21.69,2008,11,2008-11,0.5486
Fangchenggang,108.35,21.69,2008,12,2008-12,0.3921
Fangchenggang,108.35,21.69,2009,1,2009-01,0.304
Fangchenggang,108.35,21.69,2009,2,2009-02,0.5186
Fangchenggang,108.35,21.69,2009,3,2009-03,0.1813
Fangchenggang,108.35,21.69,2009,4,2009-04,0.3448
Fangchenggang,108.35,21.69,2009,5,2009-05,0.5586
Fangchenggang,108.35,21.69,2009,6,2009-06,
Fangchenggang,108.35,21.69,2009,7,2009-07,0.1646
Fangchenggang,108.35,21.69,2009,8,2009-08,
Fangchenggang,108.35,21.69,2009,9,2009-09,0.5266
Fangchenggang,108.35,21.69,2009,10,2009-10,0.62
Fangchenggang,108.35,21.69,2009,11,2009-11,0.4811
Fangchenggang,108.35,21.69,2009,12,2009-12,
Fangchenggang,108.35,21.69,2010,1,2010-01,0.0077
Fangchenggang,108.35,21.69,2010,2,2010-02,0.1853
Fangchenggang,108.35,21.69,2010,3,2010-03,0.1743
Fangchenggang,108.35,21.69,2010,4,2010-04,0.1228
Fangchenggang,108.35,21.69,2010,5,2010-05,0.0485
Fangchenggang,108.35,21.69,2010,6,2010-06,0.1855
Fangchenggang,108.35,21.69,2010,7,2010-07,0.3107
Fangchenggang,108.35,21.69,2010,8,2010-08,0.495
Fangchenggang,108.35,21.69,2010,9,2010-09,0.6219
Fangchenggang,108.35,21.69,2010,10,2010-10,0.3446
Fangchenggang,108.35,21.69,2010,11,2010-11,0.3585
Fangchenggang,108.35,21.69,2010,12,2010-12,0.3412
Fangchenggang,108.35,21.69,2011,1,2011-01,0.1626
Fangchenggang,108.35,21.69,2011,2,2011-02,0.175
Fangchenggang,108.35,21.69,2011,3,2011-03,0.1467
Fangchenggang,108.35,21.69,2011,4,2011-04,0.1858
Fangchenggang,108.35,21.69,2011,5,2011-05,0.2844
Fangchenggang,108.35,21.69,2011,6,2011-06,0.2613
Fangchenggang,108.35,21.69,2011,7,2011-07,0.3707
Fangchenggang,108.35,21.69,2011,8,2011-08,0.21
Fangchenggang,108.35,21.69,2011,9,2011-09,0.4663
Fangchenggang,108.35,21.69,2011,10,2011-10,0.3223
Fangchenggang,108.35,21.69,2011,11,2011-11,0.3701
Fangchenggang,108.35,21.69,2011,12,2011-12,0.3601
Fangchenggang,108.35,21.69,2012,1,2012-01,0.0893
Fangchenggang,108.35,21.69,2012,2,2012-02,0.3425
Fangchenggang,108.35,21.69,2012,3,2012-03,0.1496
Fangchenggang,108.35,21.69,2012,4,2012-04,0.5173
Fangchenggang,108.35,21.69,2012,5,2012-05,0.3751
Fangchenggang,108.35,21.69,2012,6,2012-06,0.3413
Fangchenggang,108.35,21.69,2012,7,2012-07,0.5327
Fangchenggang,108.35,21.69,2012,8,2012-08,
Fangchenggang,108.35,21.69,2012,9,2012-09,0.3465
Fangchenggang,108.35,21.69,2012,10,2012-10,0.103
Fangchenggang,108.35,21.69,2012,11,2012-11,0.0047
Fangchenggang,108.35,21.69,2012,12,2012-12,0.1086
Fangchenggang,108.35,21.69,2013,1,2013-01,0.1639
Fangchenggang,108.35,21.69,2013,2,2013-02,0.0507
Fangchenggang,108.35,21.69,2013,3,2013-03,0.2528
Fangchenggang,108.35,21.69,2013,4,2013-04,0.2667
Fangchenggang,108.35,21.69,2013,5,2013-05,
Fangchenggang,108.35,21.69,2013,6,2013-06,0.2974
Fangchenggang,108.35,21.69,2013,7,2013-07,0.4599
Fangchenggang,108.35,21.69,2013,8,2013-08,0.4402
Fangchenggang,108.35,21.69,2013,9,2013-09,0.5042
Fangchenggang,108.35,21.69,2013,10,2013-10,
Fangchenggang,108.35,21.69,2013,11,2013-11,0.496
Fangchenggang,108.35,21.69,2013,12,2013-12,0.5174
Fangchenggang,108.35,21.69,2014,1,2014-01,0.3163
Fangchenggang,108.35,21.69,2014,2,2014-02,0.3907
Fangchenggang,108.35,21.69,2014,3,2014-03,0.0298
Fangchenggang,108.35,21.69,2014,4,2014-04,0.1046
Fangchenggang,108.35,21.69,2014,5,2014-05,0.1882
Fangchenggang,108.35,21.69,2014,6,2014-06,0.4122
Fangchenggang,108.35,21.69,2014,7,2014-07,0.4103
Fangchenggang,108.35,21.69,2014,8,2014-08,0.5477
Fangchenggang,108.35,21.69,2014,9,2014-09,0.5452
Fangchenggang,108.35,21.69,2014,10,2014-10,0.2659
Fangchenggang,108.35,21.69,2014,11,2014-11,0.337
Fangchenggang,108.35,21.69,2014,12,2014-12,0.5967
Fangchenggang,108.35,21.69,2015,1,2015-01,
Fangchenggang,108.35,21.69,2015,2,2015-02,0.2908
Fangchenggang,108.35,21.69,2015,3,2015-03,0.1535
Fangchenggang,108.35,21.69,2015,4,2015-04,0.3612
Fangchenggang,108.35,21.69,2015,5,2015-05,0.2384
Fangchenggang,108.35,21.69,2015,6,2015-06,0.3855
Fangchenggang,108.35,21.69,2015,7,2015-07,0.4352
Fangchenggang,108.35,21.69,2015,8,2015-08,0.3768
Fangchenggang,108.35,21.69,2015,9,2015-09,0.5066
Fangchenggang,108.35,21.69,2015,10,2015-10,0.4567
Fangchenggang,108.35,21.69,2015,11,2015-11,0.528
Fangchenggang,108.35,21.69,2015,12,2015-12,0.4528
Fangchenggang,108.35,21.69,2016,1,2016-01,0.4396
Fangchenggang,108.35,21.69,2016,2,2016-02,0.2574
Fangchenggang,108.35,21.69,2016,3,2016-03,0.4556
Fangchenggang,108.35,21.69,2016,4,2016-04,
Fangchenggang,108.35,21.69,2016,5,2016-05,0.4778
Fangchenggang,108.35,21.69,2016,6,2016-06,0.3352
Fangchenggang,108.35,21.69,2016,7,2016-07,0.4443
Fangchenggang,108.35,21.69,2016,8,2016-08,0.3734
Fangchenggang,108.35,21.69,2016,9,2016-09,0.4928
Fangchenggang,108.35,21.69,2016,10,2016-10,0.5516
Fangchenggang,108.35,21.69,2016,11,2016-11,
Fangchenggang,108.35,21.69,2016,12,2016-12,0.4527
Fangchenggang,108.35,21.69,2017,1,2017-01,0.464
Fangchenggang,108.35,21.69,2017,2,2017-02,
Fangchenggang,108.35,21.69,2017,3,2017-03,0.0404
Fangchenggang,108.35,21.69,2017,4,2017-04,0.305
Fangchenggang,108.35,21.69,2017,5,2017-05,0.4709
Fangchenggang,108.35,21.69,2017,6,2017-06,0.3928
Fangchenggang,108.35,21.69,2017,7,2017-07,0.5546
Fangchenggang,108.35,21.69,2017,8,2017-08,0.4899
Fangchenggang,108.35,21.69,2017,9,2017-09,0.5222
Fangchenggang,108.35,21.69,2017,10,2017-10,0.6281
Fangchenggang,108.35,21.69,2017,11,2017-11,0.52
Fangchenggang,108.35,21.69,2017,12,2017-12,0.4343
Fangchenggang,108.35,21.69,2018,1,2018-01,0.3813
Fangchenggang,108.35,21.69,2018,2,2018-02,0.0841
Fangchenggang,108.35,21.69,2018,3,2018-03,0.4144
Fangchenggang,108.35,21.69,2018,4,2018-04,0.3504
Fangchenggang,108.35,21.69,2018,5,2018-05,0.4888
Fangchenggang,108.35,21.69,2018,6,2018-06,0.2248
Fangchenggang,108.35,21.69,2018,7,2018-07,0.3783
Fangchenggang,108.35,21.69,2018,8,2018-08,0.4846
Fangchenggang,108.35,21.69,2018,9,2018-09,0.3752
Fangchenggang,108.35,21.69,2018,10,2018-10,0.4119
Fangchenggang,108.35,21.69,2018,11,2018-11,0.1213
Fangchenggang,108.35,21.69,2018,12,2018-12,0.4538
Fangchenggang,108.35,21.69,2019,1,2019-01,0.0219
Fangchenggang,108.35,21.69,2019,2,2019-02,0.1639
Fangchenggang,108.35,21.69,2019,3,2019-03,0.1151
Fangchenggang,108.35,21.69,2019,4,2019-04,0.2655
Fangchenggang,108.35,21.69,2019,5,2019-05,0.3506
Fangchenggang,108.35,21.69,2019,6,2019-06,0.1982
Fangchenggang,108.35,21.69,2019,7,2019-07,
Fangchenggang,108.35,21.69,2019,8,2019-08,0.4694
Fangchenggang,108.35,21.69,2019,9,2019-09,0.5567
Fangchenggang,108.35,21.69,2019,10,2019-10,0.6157
Fangchenggang,108.35,21.69,2019,11,2019-11,0.5471
Fangchenggang,108.35,21.69,2019,12,2019-12,0.3232
Fangchenggang,108.35,21.69,2020,1,2020-01,0.0154
Fangchenggang,108.35,21.69,2020,2,2020-02,0.5526
Fangchenggang,108.35,21.69,2020,3,2020-03,0.0638
Fangchenggang,108.35,21.69,2020,4,2020-04,0.5247
Fangchenggang,108.35,21.69,2020,5,2020-05,0.3367
Fangchenggang,108.35,21.69,2020,6,2020-06,0.3115
Fangchenggang,108.35,21.69,2020,7,2020-07,0.5374
Fangchenggang,108.35,21.69,2020,8,2020-08,0.3262
Fangchenggang,108.35,21.69,2020,9,2020-09,0.5537
Fangchenggang,108.35,21.69,2020,10,2020-10,0.5088
Fangchenggang,108.35,21.69,2020,11,2020-11,0.5772
Fangchenggang,108.35,21.69,2020,12,2020-12,0.2603
Fangchenggang,108.35,21.69,2021,1,2021-01,0.2334
Fangchenggang,108.35,21.69,2021,2,2021-02,
Fangchenggang,108.35,21.69,2021,3,2021-03,0.0391
Fangchenggang,108.35,21.69,2021,4,2021-04,0.0423
Fangchenggang,108.35,21.69,2021,5,2021-05,0.3995
Fangchenggang,108.35,21.69,2021,6,2021-06,0.1931
Fangchenggang,108.35,21.69,2021,7,2021-07,
Fangchenggang,108.35,21.69,2021,8,2021-08,0.6489
Fangchenggang,108.35,21.69,2021,9,2021-09,0.3922
Fangchenggang,108.35,21.69,2021,10,2021-10,
Fangchenggang,108.35,21.69,2021,11,2021-11,0.045
Fangchenggang,108.35,21.69,2021,12,2021-12,0.4845
Fangchenggang,108.35,21.69,2022,1,2022-01,0.5031
Fangchenggang,108.35,21.69,2022,2,2022-02,0.1122
Fangchenggang,108.35,21.69,2022,3,2022-03,
Fangchenggang,108.35,21.69,2022,4,2022-04,0.2452
Fangchenggang,108.35,21.69,2022,5,2022-05,0.2735
Fangchenggang,108.35,21.69,2022,6,2022-06,0.128
Fangchenggang,108.35,21.69,2022,7,2022-07,0.5739
Fangchenggang,108.35,21.69,2022,8,2022-08,0.5563
Fangchenggang,108.35,21.69,2022,9,2022-09,0.4288
Fangchenggang,108.35,21.69,2022,10,2022-10,
Fangchenggang,108.35,21.69,2022,11,2022-11,0.4783
Fangchenggang,108.35,21.69,2022,12,2022-12,0.5058
Fangchenggang,108.35,21.69,2023,1,2023-01,0.527
Fangchenggang,108.35,21.69,2023,2,2023-02,0.13
Fangchenggang,108.35,21.69,2023,3,2023-03,0.2545
Fangchenggang,108.35,21.69,2023,4,2023-04,0.4433
Fangchenggang,108.35,21.69,2023,5,2023-05,0.5587
Fangchenggang,108.35,21.69,2023,6,2023-06,0.3256
Fangchenggang,108.35,21.69,2023,7,2023-07,0.3221
Fangchenggang,108.35,21.69,2023,8,2023-08,0.592
Fangchenggang,108.35,21.69,2023,9,2023-09,0.5836
Fangchenggang,108.35,21.69,2023,10,2023-10,0.6672
Fangchenggang,108.35,21.69,2023,11,2023-11,0.5591
Fangchenggang,108.35,21.69,2023,12,2023-12,0.6275
Fangchenggang,108.35,21.69,2024,1,2024-01,0.1909
Fangchenggang,108.35,21.69,2024,2,2024-02,0.5365
Fangchenggang,108.35,21.69,2024,3,2024-03,0.339
Fangchenggang,108.35,21.69,2024,4,2024-04,0.3048
Fangchenggang,108.35,21.69,2024,5,2024-05,0.3818
Fangchenggang,108.35,21.69,2024,6,2024-06,0.4635
Fangchenggang,108.35,21.69,2024,7,2024-07,0.3052
Fangchenggang,108.35,21.69,2024,8,2024-08,0.4904
Fangchenggang,108.35,21.69,2024,9,2024-09,0.5076
Fangchenggang,108.35,21.69,2024,10,2024-10,0.3542
Fangchenggang,108.35,21.69,2024,11,2024-11,0.6355
Fangchenggang,108.35,21.69,2024,12,2024-12,
Guilin,110.3,25.28,2005,1,2005-01,0.0976
Guilin,110.3,25.28,2005,2,2005-02,0.0764
Guilin,110.3,25.28,2005,3,2005-03,0.1054
Guilin,110.3,25.28,2005,4,2005-04,0.235
Guilin,110.3,25.28,2005,5,2005-05,0.2236
Guilin,110.3,25.28,2005,6,2005-06,0.1381
Guilin,110.3,25.28,2005,7,2005-07,0.3709
Guilin,110.3,25.28,2005,8,2005-08,0.2947
Guilin,110.3,25.28,2005,9,2005-09,0.2805
Guilin,110.3,25.28,2005,10,2005-10,0.2987
Guilin,110.3,25.28,2005,11,2005-11,0.2613
Guilin,110.3,25.28,2005,12,2005-12,0.2646
Guilin,110.3,25.28,2006,1,2006-01,0.1944
Guilin,110.3,25.28,2006,2,2006-02,0.0679
Guilin,110.3,25.28,2006,3,2006-03,0.135
Guilin,110.3,25.28,2006,4,2006-04,0.1777
Guilin,110.3,25.28,2006,5,2006-05,0.1612
Guilin,110.3,25.28,2006,6,2006-06,0.2272
Guilin,110.3,25.28,2006,7,2006-07,0.163
Guilin,110.3,25.28,2006,8,2006-08,0.2342
Guilin,110.3,25.28,2006,9,2006-09,0.2879
Guilin,110.3,25.28,2006,10,2006-10,0.3736
Guilin,110.3,25.28,2006,11,2006-11,0.2086
Guilin,110.3,25.28,2006,12,2006-12,0.2403
Guilin,110.3,25.28,2007,1,2007-01,0.241
Guilin,110.3,25.28,2007,2,2007-02,0.1566
Guilin,110.3,25.28,2007,3,2007-03,0.186
Guilin,110.3,25.28,2007,4,2007-04,0.2418
Guilin,110.3,25.28,2007,5,2007-05,0.2384
Guilin,110.3,25.28,2007,6,2007-06,0.3076
Guilin,110.3,25.28,2007,7,2007-07,0.2085
Guilin,110.3,25.28,2007,8,2007-08,0.2534
Guilin,110.3,25.28,2007,9,2007-09,0.3027
Guilin,110.3,25.28,2007,10,2007-10,0.3604
Guilin,110.3,25.28,2007,11,2007-11,0.284
Guilin,110.3,25.28,2007,12,2007-12,0.2126
Guilin,110.3,25.28,2008,1,2008-01,0.1038
Guilin,110.3,25.28,2008,2,2008-02,0.138
Guilin,110.3,25.28,2008,3,2008-03,0.1267
Guilin,110.3,25.28,2008,4,2008-04,0.2203
Guilin,110.3,25.28,2008,5,2008-05,0.1654
Guilin,110.3,25.28,2008,6,2008-06,0.3274
Guilin,110.3,25.28,2008,7,2008-07,0.3
Guilin,110.3,25.28,2008,8,2008-08,0.2752
Guilin,110.3,25.28,2008,9,2008-09,0.3388
Guilin,110.3,25.28,2008,10,2008-10,0.28
Guilin,110.3,25.28,2008,11,2008-11,0.266
Guilin,110.3,25.28,2008,12,2008-12,0.1737
Guilin,110.3,25.28,2009,1,2009-01,0.1488
Guilin,110.3,25.28,2009,2,2009-02,0.1123
Guilin,110.3,25.28,2009,3,2009-03,0.1434
Guilin,110.3,25.28,2009,4,2009-04,0.243
Guilin,110.3,25.28,2009,5,2009-05,0.3405
Guilin,110.3,25.28,2009,6,2009-06,0.3496
Guilin,110.3,25.28,2009,7,2009-07,0.3021
Guilin,110.3,25.28,2009,8,2009-08,0.314
Guilin,110.3,25.28,2009,9,2009-09,0.307
Guilin,110.3,25.28,2009,10,2009-10,0.2657
Guilin,110.3,25.28,2009,11,2009-11,0.2692
Guilin,110.3,25.28,2009,12,2009-12,0.2599
Guilin,110.3,25.28,2010,1,2010-01,0.2994
Guilin,110.3,25.28,2010,2,2010-02,0.1365
Guilin,110.3,25.28,2010,3,2010-03,0.2832
Guilin,110.3,25.28,2010,4,2010-04,0.0945
Guilin,110.3,25.28,2010,5,2010-05,0.2415
Guilin,110.3,25.28,2010,6,2010-06,0.162
Guilin,110.3,25.28,2010,7,2010-07,0.1992
Guilin,110.3,25.28,2010,8,2010-08,0.3631
Guilin,110.3,25.28,2010,9,2010-09,0.2654
Guilin,110.3,25.28,2010,10,2010-10,0.3367
Guilin,110.3,25.28,2010,11,2010-11,0.2564
Guilin,110.3,25.28,2010,12,2010-12,0.1622
Guilin,110.3,25.28,2011,1,2011-01,0.069
Guilin,110.3,25.28,2011,2,2011-02,0.0954
Guilin,110.3,25.28,2011,3,2011-03,0.0837
Guilin,110.3,25.28,2011,4,2011-04,0.212
Guilin,110.3,25.28,2011,5,2011-05,0.2188
Guilin,110.3,25.28,2011,6,2011-06,0.1954
Guilin,110.3,25.28,2011,7,2011-07,0.116
Guilin,110.3,25.28,2011,8,2011-08,0.3088
Guilin,110.3,25.28,2011,9,2011-09,0.3805
Guilin,110.3,25.28,2011,10,2011-10,0.3209
Guilin,110.3,25.28,2011,11,2011-11,0.2521
Guilin,110.3,25.28,2011,12,2011-12,0.2112
Guilin,110.3,25.28,2012,1,2012-01,0.0356
Guilin,110.3,25.28,2012,2,2012-02,0.0313
Guilin,110.3,25.28,2012,3,2012-03,0.1028
Guilin,110.3,25.28,2012,4,2012-04,0.1471
Guilin,110.3,25.28,2012,5,2012-05,0.2372
Guilin,110.3,25.28,2012,6,2012-06,0.2594
Guilin,110.3,25.28,2012,7,2012-07,0.2451
Guilin,110.3,25.28,2012,8,2012-08,0.4075
Guilin,110.3,25.28,2012,9,2012-09,0.3835
Guilin,110.3,25.28,2012,10,2012-10,0.3992
Guilin,110.3,25.28,2012,11,2012-11,0.2709
Guilin,110.3,25.28,2012,12,2012-12,0.1076
Guilin,110.3,25.28,2013,1,2013-01,0.11
Guilin,110.3,25.28,2013,2,2013-02,0.1344
Guilin,110.3,25.28,2013,3,2013-03,0.2044
Guilin,110.3,25.28,2013,4,2013-04,0.1103
Guilin,110.3,25.28,2013,5,2013-05,0.2456
Guilin,110.3,25.28,2013,6,2013-06,0.2288
Guilin,110.3,25.28,2013,7,2013-07,0.1646
Guilin,110.3,25.28,2013,8,2013-08,0.2211
Guilin,110.3,25.28,2013,9,2013-09,0.3718
Guilin,110.3,25.28,2013,10,2013-10,0.3843
Guilin,110.3,25.28,2013,11,2013-11,0.3354
Guilin,110.3,25.28,2013,12,2013-12,0.3391
Guilin,110.3,25.28,2014,1,2014-01,0.313
Guilin,110.3,25.28,2014,2,2014-02,0.2643
Guilin,110.3,25.28,2014,3,2014-03,0.2146
Guilin,110.3,25.28,2014,4,2014-04,0.2021
Guilin,110.3,25.28,2014,5,2014-05,0.1171
Guilin,110.3,25.28,2014,6,2014-06,0.1776
Guilin,110.3,25.28,2014,7,2014-07,0.3004
Guilin,110.3,25.28,2014,8,2014-08,0.1245
Guilin,110.3,25.28,2014,9,2014-09,0.3582
Guilin,110.3,25.28,2014,10,2014-10,0.4024
Guilin,110.3,25.28,2014,11,2014-11,0.2768
Guilin,110.3,25.28,2014,12,2014-12,0.2388
Guilin,110.3,25.28,2015,1,2015-01,0.2018
Guilin,110.3,25.28,2015,2,2015-02,0.1374
Guilin,110.3,25.28,2015,3,2015-03,0.2178
Guilin,110.3,25.28,2015,4,2015-04,0.2922
Guilin,110.3,25.28,2015,5,2015-05,0.1528
Guilin,110.3,25.28,2015,6,2015-06,0.2313
Guilin,110.3,25.28,2015,7,2015-07,0.3845
Guilin,110.3,25.28,2015,8,2015-08,0.2186
Guilin,110.3,25.28,2015,9,2015-09,0.416
Guilin,110.3,25.28,2015,10,2015-10,0.3245
Guilin,110.3,25.28,2015,11,2015-11,0.1628
Guilin,110.3,25.28,2015,12,2015-12,0.1202
Guilin,110.3,25.28,2016,1,2016-01,0.1546
Guilin,110.3,25.28,2016,2,2016-02,0.2072
Guilin,110.3,25.28,2016,3,2016-03,0.082
Guilin,110.3,25.28,2016,4,2016-04,0.3301
Guilin,110.3,25.28,2016,5,2016-05,0.202
Guilin,110.3,25.28,2016,6,2016-06,0.2048
Guilin,110.3,25.28,2016,7,2016-07,0.2892
Guilin,110.3,25.28,2016,8,2016-08,0.3071
Guilin,110.3,25.28,2016,9,2016-09,0.4092
Guilin,110.3,25.28,2016,10,2016-10,0.328
Guilin,110.3,25.28,2016,11,2016-11,0.3418
Guilin,110.3,25.28,2016,12,2016-12,0.3391
Guilin,110.3,25.28,2017,1,2017-01,0.1488
Guilin,110.3,25.28,2017,2,2017-02,0.2085
Guilin,110.3,25.28,2017,3,2017-03,0.1219
Guilin,110.3,25.28,2017,4,2017-04,0.3136
Guilin,110.3,25.28,2017,5,2017-05,0.347
Guilin,110.3,25.28,2017,6,2017-06,0.1837
Guilin,110.3,25.28,2017,7,2017-07,0.2286
Guilin,110.3,25.28,2017,8,2017-08,0.2766
Guilin,110.3,25.28,2017,9,2017-09,0.3591
Guilin,110.3,25.28,2017,10,2017-10,0.2954
Guilin,110.3,25.28,2017,11,2017-11,0.3462
Guilin,110.3,25.28,2017,12,2017-12,0.4213
Guilin,110.3,25.28,2018,1,2018-01,0.1697
Guilin,110.3,25.28,2018,2,2018-02,0.2742
Guilin,110.3,25.28,2018,3,2018-03,0.2766
Guilin,110.3,25.28,2018,4,2018-04,0.1949
Guilin,110.3,25.28,2018,5,2018-05,0.272
Guilin,110.3,25.28,2018,6,2018-06,0.3236
Guilin,110.3,25.28,2018,7,2018-07,0.3986
Guilin,110.3,25.28,2018,8,2018-08,0.3652
Guilin,110.3,25.28,2018,9,2018-09,0.473
Guilin,110.3,25.28,2018,10,2018-10,0.3157
Guilin,110.3,25.28,2018,11,2018-11,0.3361
Guilin,110.3,25.28,2018,12,2018-12,0.1535
Guilin,110.3,25.28,2019,1,2019-01,0.1689
Guilin,110.3,25.28,2019,2,2019-02,0.0838
Guilin,110.3,25.28,2019,3,2019-03,0.2801
Guilin,110.3,25.28,2019,4,2019-04,0.2195
Guilin,110.3,25.28,2019,5,2019-05,0.3446
Guilin,110.3,25.28,2019,6,2019-06,0.2949
Guilin,110.3,25.28,2019,7,2019-07,0.3977
Guilin,110.3,25.28,2019,8,2019-08,0.3503
Guilin,110.3,25.28,2019,9,2019-09,0.3851
Guilin,110.3,25.28,2019,10,2019-10,0.3512
Guilin,110.3,25.28,2019,11,2019-11,0.3679
Guilin,110.3,25.28,2019,12,2019-12,0.3108
Guilin,110.3,25.28,2020,1,2020-01,0.3012
Guilin,110.3,25.28,2020,2,2020-02,0.3308
Guilin,110.3,25.28,2020,3,2020-03,0.1052
Guilin,110.3,25.28,2020,4,2020-04,0.364
Guilin,110.3,25.28,2020,5,2020-05,0.3185
Guilin,110.3,25.28,2020,6,2020-06,0.1494
Guilin,110.3,25.28,2020,7,2020-07,0.2704
Guilin,110.3,25.28,2020,8,2020-08,0.3403
Guilin,110.3,25.28,2020,9,2020-09,0.2773
Guilin,110.3,25.28,2020,10,2020-10,0.3345
Guilin,110.3,25.28,2020,11,2020-11,0.1959
Guilin,110.3,25.28,2020,12,2020-12,0.1922
Guilin,110.3,25.28,2021,1,2021-01,0.2774
Guilin,110.3,25.28,2021,2,2021-02,0.2338
Guilin,110.3,25.28,2021,3,2021-03,0.1549
Guilin,110.3,25.28,2021,4,2021-04,0.225
Guilin,110.3,25.28,2021,5,2021-05,0.2388
Guilin,110.3,25.28,2021,6,2021-06,0.2218
Guilin,110.3,25.28,2021,7,2021-07,0.4214
Guilin,110.3,25.28,2021,8,2021-08,0.2988
Guilin,110.3,25.28,2021,9,2021-09,0.4865
Guilin,110.3,25.28,2021,10,2021-10,0.4096
Guilin,110.3,25.28,2021,11,2021-11,0.3566
Guilin,110.3,25.28,2021,12,2021-12,0.4446
Guilin,110.3,25.28,2022,1,2022-01,0.0464
Guilin,110.3,25.28,2022,2,2022-02,0.1681
Guilin,110.3,25.28,2022,3,2022-03,0.2992
Guilin,110.3,25.28,2022,4,2022-04,0.4357
Guilin,110.3,25.28,2022,5,2022-05,0.2956
Guilin,110.3,25.28,2022,6,2022-06,0.2639
Guilin,110.3,25.28,2022,7,2022-07,0.3256
Guilin,110.3,25.28,2022,8,2022-08,0.3825
Guilin,110.3,25.28,2022,9,2022-09,0.4428
Guilin,110.3,25.28,2022,10,2022-10,0.4478
Guilin,110.3,25.28,2022,11,2022-11,0.222
Guilin,110.3,25.28,2022,12,2022-12,0.3057
Guilin,110.3,25.28,2023,1,2023-01,0.2742
Guilin,110.3,25.28,2023,2,2023-02,0.208
Guilin,110.3,25.28,2023,3,2023-03,0.1699
Guilin,110.3,25.28,2023,4,2023-04,0.3004
Guilin,110.3,25.28,2023,5,2023-05,0.5108
Guilin,110.3,25.28,2023,6,2023-06,0.1966
Guilin,110.3,25.28,2023,7,2023-07,0.362
Guilin,110.3,25.28,2023,8,2023-08,0.3076
Guilin,110.3,25.28,2023,9,2023-09,0.3565
Guilin,110.3,25.28,2023,10,2023-10,0.3359
Guilin,110.3,25.28,2023,11,2023-11,0.3656
Guilin,110.3,25.28,2023,12,2023-12,0.3789
Guilin,110.3,25.28,2024,1,2024-01,0.1588
Guilin,110.3,25.28,2024,2,2024-02,0.1748
Guilin,110.3,25.28,2024,3,2024-03,0.2345
Guilin,110.3,25.28,2024,4,2024-04,0.3123
Guilin,110.3,25.28,2024,5,2024-05,0.366
Guilin,110.3,25.28,2024,6,2024-06,0.0739
Guilin,110.3,25.28,2024,7,2024-07,0.323
Guilin,110.3,25.28,2024,8,2024-08,0.2984
Guilin,110.3,25.28,2024,9,2024-09,0.4141
Guilin,110.3,25.28,2024,10,2024-10,0.3862
Guilin,110.3,25.28,2024,11,2024-11,0.3372
Guilin,110.3,25.28,2024,12,2024-12,0.3495
Hechi,108.06,24.7,2005,1,2005-01,0.0038
Hechi,108.06,24.7,2005,2,2005-02,0.0552
Hechi,108.06,24.7,2005,3,2005-03,0.017
Hechi,108.06,24.7,2005,4,2005-04,0.1562
Hechi,108.06,24.7,2005,5,2005-05,0.4337
Hechi,108.06,24.7,2005,6,2005-06,0.2318
Hechi,108.06,24.7,2005,7,2005-07,0.2371
Hechi,108.06,24.7,2005,8,2005-08,0.3083
Hechi,108.06,24.7,2005,9,2005-09,0.1991
Hechi,108.06,24.7,2005,10,2005-10,0.1405
Hechi,108.06,24.7,2005,11,2005-11,0.1441
Hechi,108.06,24.7,2005,12,2005-12,0.1101
Hechi,108.06,24.7,2006,1,2006-01,0.0636
Hechi,108.06,24.7,2006,2,2006-02,0.0906
Hechi,108.06,24.7,2006,3,2006-03,0.0998
Hechi,108.06,24.7,2006,4,2006-04,0.1245
Hechi,108.06,24.7,2006,5,2006-05,0.138
Hechi,108.06,24.7,2006,6,2006-06,0.1774
Hechi,108.06,24.7,2006,7,2006-07,0.2234
Hechi,108.06,24.7,2006,8,2006-08,0.3324
Hechi,108.06,24.7,2006,9,2006-09,0.2623
Hechi,108.06,24.7,2006,10,2006-10,0.0953
Hechi,108.06,24.7,2006,11,2006-11,0.1464
Hechi,108.06,24.7,2006,12,2006-12,0.1084
Hechi,108.06,24.7,2007,1,2007-01,0.0758
Hechi,108.06,24.7,2007,2,2007-02,0.0568
Hechi,108.06,24.7,2007,3,2007-03,0.1543
Hechi,108.06,24.7,2007,4,2007-04,0.2461
Hechi,108.06,24.7,2007,5,2007-05,0.2157
Hechi,108.06,24.7,2007,6,2007-06,0.1959
Hechi,108.06,24.7,2007,7,2007-07,0.3376
Hechi,108.06,24.7,2007,8,2007-08,0.1973
Hechi,108.06,24.7,2007,9,2007-09,0.2835
Hechi,108.06,24.7,2007,10,2007-10,0.2067
Hechi,108.06,24.7,2007,11,2007-11,0.1907
Hechi,108.06,24.7,2007,12,2007-12,0.1579
Hechi,108.06,24.7,2008,1,2008-01,0.0734
Hechi,108.06,24.7,2008,2,2008-02,0.0936
Hechi,108.06,24.7,2008,3,2008-03,0.1058
Hechi,108.06,24.7,2008,4,2008-04,0.1471
Hechi,108.06,24.7,2008,5,2008-05,0.2339
Hechi,108.06,24.7,2008,6,2008-06,0.1925
Hechi,108.06,24.7,2008,7,2008-07,0.1634
Hechi,108.06,24.7,2008,8,2008-08,0.1879
Hechi,108.06,24.7,2008,9,2008-09,0.266
Hechi,108.06,24.7,2008,10,2008-10,0.1534
Hechi,108.06,24.7,2008,11,2008-11,0.1799
Hechi,108.06,24.7,2008,12,2008-12,0.1212
Hechi,108.06,24.7,2009,1,2009-01,0.1482
Hechi,108.06,24.7,2009,2,2009-02,0.1198
Hechi,108.06,24.7,2009,3,2009-03,0.1469
Hechi,108.06,24.7,2009,4,2009-04,0.2225
Hechi,108.06,24.7,2009,5,2009-05,0.142
Hechi,108.06,24.7,2009,6,2009-06,0.191
Hechi,108.06,24.7,2009,7,2009-07,0.2182
Hechi,108.06,24.7,2009,8,2009-08,0.2766
Hechi,108.06,24.7,2009,9,2009-09,0.2423
Hechi,108.06,24.7,2009,10,2009-10,0.2211
Hechi,108.06,24.7,2009,11,2009-11,0.209
Hechi,108.06,24.7,2009,12,2009-12,0.1458
Hechi,108.06,24.7,2010,1,2010-01,0.1021
Hechi,108.06,24.7,2010,2,2010-02,0.1404
Hechi,108.06,24.7,2010,3,2010-03,0.0738
Hechi,108.06,24.7,2010,4,2010-04,0.1758
Hechi,108.06,24.7,2010,5,2010-05,0.1842
Hechi,108.06,24.7,2010,6,2010-06,0.1336
Hechi,108.06,24.7,2010,7,2010-07,0.1475
Hechi,108.06,24.7,2010,8,2010-08,0.2547
Hechi,108.06,24.7,2010,9,2010-09,0.2379
Hechi,108.06,24.7,2010,10,2010-10,0.2528
Hechi,108.06,24.7,2010,11,2010-11,0.1843
Hechi,108.06,24.7,2010,12,2010-12,0.1454
Hechi,108.06,24.7,2011,1,2011-01,0.1098
Hechi,108.06,24.7,2011,2,2011-02,0.043
Hechi,108.06,24.7,2011,3,2011-03,0.1593
Hechi,108.06,24.7,2011,4,2011-04,0.1473
Hechi,108.06,24.7,2011,5,2011-05,0.2614
Hechi,108.06,24.7,2011,6,2011-06,0.3384
Hechi,108.06,24.7,2011,7,2011-07,0.1856
Hechi,108.06,24.7,2011,8,2011-08,0.2659
Hechi,108.06,24.7,2011,9,2011-09,0.195
Hechi,108.06,24.7,2011,10,2011-10,0.3167
Hechi,108.06,24.7,2011,11,2011-11,0.2322
Hechi,108.06,24.7,2011,12,2011-12,0.1013
Hechi,108.06,24.7,2012,1,2012-01,0.0178
Hechi,108.06,24.7,2012,2,2012-02,0.0404
Hechi,108.06,24.7,2012,3,2012-03,0.1184
Hechi,108.06,24.7,2012,4,2012-04,0.2324
Hechi,108.06,24.7,2012,5,2012-05,0.2134
Hechi,108.06,24.7,2012,6,2012-06,0.1826
Hechi,108.06,24.7,2012,7,2012-07,0.1839
Hechi,108.06,24.7,2012,8,2012-08,0.3832
Hechi,108.06,24.7,2012,9,2012-09,0.2822
Hechi,108.06,24.7,2012,10,2012-10,0.2206
Hechi,108.06,24.7,2012,11,2012-11,0.26
Hechi,108.06,24.7,2012,12,2012-12,0.2376
Hechi,108.06,24.7,2013,1,2013-01,0.069
Hechi,108.06,24.7,2013,2,2013-02,0.1156
Hechi,108.06,24.7,2013,3,2013-03,0.182
Hechi,108.06,24.7,2013,4,2013-04,0.2058
Hechi,108.06,24.7,2013,5,2013-05,0.2722
Hechi,108.06,24.7,2013,6,2013-06,0.3844
Hechi,108.06,24.7,2013,7,2013-07,0.2519
Hechi,108.06,24.7,2013,8,2013-08,0.3214
Hechi,108.06,24.7,2013,9,2013-09,0.3423
Hechi,108.06,24.7,2013,10,2013-10,0.2458
Hechi,108.06,24.7,2013,11,2013-11,0.2779
Hechi,108.06,24.7,2013,12,2013-12,0.1872
Hechi,108.06,24.7,2014,1,2014-01,0.1679
Hechi,108.06,24.7,2014,2,2014-02,0.1797
Hechi,108.06,24.7,2014,3,2014-03,0.0824
Hechi,108.06,24.7,2014,4,2014-04,0.1626
Hechi,108.06,24.7,2014,5,2014-05,0.2376
Hechi,108.06,24.7,2014,6,2014-06,0.2244
Hechi,108.06,24.7,2014,7,2014-07,0.203
Hechi,108.06,24.7,2014,8,2014-08,0.3894
Hechi,108.06,24.7,2014,9,2014-09,0.5018
Hechi,108.06,24.7,2014,10,2014-10,0.3234
Hechi,108.06,24.7,2014,11,2014-11,0.4013
Hechi,108.06,24.7,2014,12,2014-12,0.24
Hechi,108.06,24.7,2015,1,2015-01,0.1325
Hechi,108.06,24.7,2015,2,2015-02,0.0938
Hechi,108.06,24.7,2015,3,2015-03,0.0964
Hechi,108.06,24.7,2015,4,2015-04,0.3291
Hechi,108.06,24.7,2015,5,2015-05,0.217
Hechi,108.06,24.7,2015,6,2015-06,0.1766
Hechi,108.06,24.7,2015,7,2015-07,0.3018
Hechi,108.06,24.7,2015,8,2015-08,0.2274
Hechi,108.06,24.7,2015,9,2015-09,0.3055
Hechi,108.06,24.7,2015,10,2015-10,0.4432
Hechi,108.06,24.7,2015,11,2015-11,0.156
Hechi,108.06,24.7,2015,12,2015-12,0.1492
Hechi,108.06,24.7,2016,1,2016-01,0.0592
Hechi,108.06,24.7,2016,2,2016-02,0.22
Hechi,108.06,24.7,2016,3,2016-03,0.187
Hechi,108.06,24.7,2016,4,2016-04,0.1815
Hechi,108.06,24.7,2016,5,2016-05,0.197
Hechi,108.06,24.7,2016,6,2016-06,0.2178
Hechi,108.06,24.7,2016,7,2016-07,0.295
Hechi,108.06,24.7,2016,8,2016-08,0.2856
Hechi,108.06,24.7,2016,9,2016-09,0.3467
Hechi,108.06,24.7,2016,10,2016-10,0.2712
Hechi,108.06,24.7,2016,11,2016-11,0.2709
Hechi,108.06,24.7,2016,12,2016-12,0.3386
Hechi,108.06,24.7,2017,1,2017-01,0.1062
Hechi,108.06,24.7,2017,2,2017-02,0.137
Hechi,108.06,24.7,2017,3,2017-03,0.1112
Hechi,108.06,24.7,2017,4,2017-04,0.3112
Hechi,108.06,24.7,2017,5,2017-05,0.2729
Hechi,108.06,24.7,2017,6,2017-06,0.204
Hechi,108.06,24.7,2017,7,2017-07,0.2583
Hechi,108.06,24.7,2017,8,2017-08,0.3093
Hechi,108.06,24.7,2017,9,2017-09,0.2349
Hechi,108.06,24.7,2017,10,2017-10,0.2992
Hechi,108.06,24.7,2017,11,2017-11,0.3099
Hechi,108.06,24.7,2017,12,2017-12,0.2998
Hechi,108.06,24.7,2018,1,2018-01,0.1983
Hechi,108.06,24.7,2018,2,2018-02,0.2632
Hechi,108.06,24.7,2018,3,2018-03,0.1658
Hechi,108.06,24.7,2018,4,2018-04,0.2936
Hechi,108.06,24.7,2018,5,2018-05,0.1794
Hechi,108.06,24.7,2018,6,2018-06,0.1916
Hechi,108.06,24.7,2018,7,2018-07,0.3659
Hechi,108.06,24.7,2018,8,2018-08,0.3828
Hechi,108.06,24.7,2018,9,2018-09,0.225
Hechi,108.06,24.7,2018,10,2018-10,0.233
Hechi,108.06,24.7,2018,11,2018-11,0.3539
Hechi,108.06,24.7,2018,12,2018-12,0.1824
Hechi,108.06,24.7,2019,1,2019-01,0.023
Hechi,108.06,24.7,2019,2,2019-02,0.114
Hechi,108.06,24.7,2019,3,2019-03,0.2198
Hechi,108.06,24.7,2019,4,2019-04,0.2231
Hechi,108.06,24.7,2019,5,2019-05,0.3106
Hechi,108.06,24.7,2019,6,2019-06,0.2314
Hechi,108.06,24.7,2019,7,2019-07,0.2464
Hechi,108.06,24.7,2019,8,2019-08,0.2825
Hechi,108.06,24.7,2019,9,2019-09,0.2972
Hechi,108.06,24.7,2019,10,2019-10,0.2496
Hechi,108.06,24.7,2019,11,2019-11,0.2777
Hechi,108.06,24.7,2019,12,2019-12,0.3071
Hechi,108.06,24.7,2020,1,2020-01,0.258
Hechi,108.06,24.7,2020,2,2020-02,0.2026
Hechi,108.06,24.7,2020,3,2020-03,0.194
Hechi,108.06,24.7,2020,4,2020-04,0.2657
Hechi,108.06,24.7,2020,5,2020-05,0.2251
Hechi,108.06,24.7,2020,6,2020-06,0.186
Hechi,108.06,24.7,2020,7,2020-07,0.2742
Hechi,108.06,24.7,2020,8,2020-08,0.3626
Hechi,108.06,24.7,2020,9,2020-09,0.2218
Hechi,108.06,24.7,2020,10,2020-10,0.3079
Hechi,108.06,24.7,2020,11,2020-11,0.3368
Hechi,108.06,24.7,2020,12,2020-12,0.1857
Hechi,108.06,24.7,2021,1,2021-01,0.2756
Hechi,108.06,24.7,2021,2,2021-02,0.1246
Hechi,108.06,24.7,2021,3,2021-03,0.0989
Hechi,108.06,24.7,2021,4,2021-04,0.1996
Hechi,108.06,24.7,2021,5,2021-05,0.2278
Hechi,108.06,24.7,2021,6,2021-06,0.2548
Hechi,108.06,24.7,2021,7,2021-07,0.3274
Hechi,108.06,24.7,2021,8,2021-08,0.3187
Hechi,108.06,24.7,2021,9,2021-09,0.431
Hechi,108.06,24.7,2021,10,2021-10,0.3155
Hechi,108.06,24.7,2021,11,2021-11,0.3684
Hechi,108.06,24.7,2021,12,2021-12,0.3563
Hechi,108.06,24.7,2022,1,2022-01,0.0545
Hechi,108.06,24.7,2022,2,2022-02,0.1393
Hechi,108.06,24.7,2022,3,2022-03,0.245
Hechi,108.06,24.7,2022,4,2022-04,0.2805
Hechi,108.06,24.7,2022,5,2022-05,0.3267
Hechi,108.06,24.7,2022,6,2022-06,0.2636
Hechi,108.06,24.7,2022,7,2022-07,0.3068
Hechi,108.06,24.7,2022,8,2022-08,0.3238
Hechi,108.06,24.7,2022,9,2022-09,0.314
Hechi,108.06,24.7,2022,10,2022-10,0.2336
Hechi,108.06,24.7,2022,11,2022-11,0.2496
Hechi,108.06,24.7,2022,12,2022-12,0.3786
Hechi,108.06,24.7,2023,1,2023-01,0.1995
Hechi,108.06,24.7,2023,2,2023-02,0.1256
Hechi,108.06,24.7,2023,3,2023-03,0.2228
Hechi,108.06,24.7,2023,4,2023-04,0.2669
Hechi,108.06,24.7,2023,5,2023-05,0.1777
Hechi,108.06,24.7,2023,6,2023-06,0.3292
Hechi,108.06,24.7,2023,7,2023-07,0.2508
Hechi,108.06,24.7,2023,8,2023-08,0.3686
Hechi,108.06,24.7,2023,9,2023-09,0.4199
Hechi,108.06,24.7,2023,10,2023-10,0.418
Hechi,108.06,24.7,2023,11,2023-11,0.3011
Hechi,108.06,24.7,2023,12,2023-12,0.333
Hechi,108.06,24.7,2024,1,2024-01,0.2024
Hechi,108.06,24.7,2024,2,2024-02,0.2447
Hechi,108.06,24.7,2024,3,2024-03,0.2092
Hechi,108.06,24.7,2024,4,2024-04,0.1834
Hechi,108.06,24.7,2024,5,2024-05,0.2955
Hechi,108.06,24.7,2024,6,2024-06,0.1455
Hechi,108.06,24.7,2024,7,2024-07,0.2378
Hechi,108.06,24.7,2024,8,2024-08,0.3289
Hechi,108.06,24.7,2024,9,2024-09,0.2958
Hechi,108.06,24.7,2024,10,2024-10,0.3519
Hechi,108.06,24.7,2024,11,2024-11,0.143
Hechi,108.06,24.7,2024,12,2024-12,0.1631
Liuzhou,109.43,24.33,2005,1,2005-01,0.1217
Liuzhou,109.43,24.33,2005,2,2005-02,0.1096
Liuzhou,109.43,24.33,2005,3,2005-03,0.0468
Liuzhou,109.43,24.33,2005,4,2005-04,0.3376
Liuzhou,109.43,24.33,2005,5,2005-05,0.2566
Liuzhou,109.43,24.33,2005,6,2005-06,0.2826
Liuzhou,109.43,24.33,2005,7,2005-07,0.4468
Liuzhou,109.43,24.33,2005,8,2005-08,0.4196
Liuzhou,109.43,24.33,2005,9,2005-09,0.4122
Liuzhou,109.43,24.33,2005,10,2005-10,0.3515
Liuzhou,109.43,24.33,2005,11,2005-11,0.3297
Liuzhou,109.43,24.33,2005,12,2005-12,0.2589
Liuzhou,109.43,24.33,2006,1,2006-01,0.2254
Liuzhou,109.43,24.33,2006,2,2006-02,0.1481
Liuzhou,109.43,24.33,2006,3,2006-03,0.137
Liuzhou,109.43,24.33,2006,4,2006-04,0.4382
Liuzhou,109.43,24.33,2006,5,2006-05,0.2973
Liuzhou,109.43,24.33,2006,6,2006-06,0.1763
Liuzhou,109.43,24.33,2006,7,2006-07,0.241
Liuzhou,109.43,24.33,2006,8,2006-08,0.2968
Liuzhou,109.43,24.33,2006,9,2006-09,0.4812
Liuzhou,109.43,24.33,2006,10,2006-10,0.3224
Liuzhou,109.43,24.33,2006,11,2006-11,0.2515
Liuzhou,109.43,24.33,2006,12,2006-12,0.2577
Liuzhou,109.43,24.33,2007,1,2007-01,0.1968
Liuzhou,109.43,24.33,2007,2,2007-02,0.285
Liuzhou,109.43,24.33,2007,3,2007-03,0.1688
Liuzhou,109.43,24.33,2007,4,2007-04,0.3014
Liuzhou,109.43,24.33,2007,5,2007-05,0.2613
Liuzhou,109.43,24.33,2007,6,2007-06,0.3211
Liuzhou,109.43,24.33,2007,7,2007-07,0.3298
Liuzhou,109.43,24.33,2007,8,2007-08,0.3618
Liuzhou,109.43,24.33,2007,9,2007-09,0.4358
Liuzhou,109.43,24.33,2007,10,2007-10,0.3663
Liuzhou,109.43,24.33,2007,11,2007-11,0.3086
Liuzhou,109.43,24.33,2007,12,2007-12,0.2405
Liuzhou,109.43,24.33,2008,1,2008-01,0.1276
Liuzhou,109.43,24.33,2008,2,2008-02,0.1088
Liuzhou,109.43,24.33,2008,3,2008-03,0.113
Liuzhou,109.43,24.33,2008,4,2008-04,0.244
Liuzhou,109.43,24.33,2008,5,2008-05,0.3372
Liuzhou,109.43,24.33,2008,6,2008-06,0.2912
Liuzhou,109.43,24.33,2008,7,2008-07,0.3008
Liuzhou,109.43,24.33,2008,8,2008-08,0.3797
Liuzhou,109.43,24.33,2008,9,2008-09,0.3246
Liuzhou,109.43,24.33,2008,10,2008-10,0.245
Liuzhou,109.43,24.33,2008,11,2008-11,0.1622
Liuzhou,109.43,24.33,2008,12,2008-12,0.195
Liuzhou,109.43,24.33,2009,1,2009-01,0.1691
Liuzhou,109.43,24.33,2009,2,2009-02,0.1122
Liuzhou,109.43,24.33,2009,3,2009-03,0.2137
Liuzhou,109.43,24.33,2009,4,2009-04,0.2847
Liuzhou,109.43,24.33,2009,5,2009-05,0.2948
Liuzhou,109.43,24.33,2009,6,2009-06,0.2706
Liuzhou,109.43,24.33,2009,7,2009-07,0.2413
Liuzhou,109.43,24.33,2009,8,2009-08,0.2485
Liuzhou,109.43,24.33,2009,9,2009-09,0.2911
Liuzhou,109.43,24.33,2009,10,2009-10,0.1857
Liuzhou,109.43,24.33,2009,11,2009-11,0.1874
Liuzhou,109.43,24.33,2009,12,2009-12,0.1757
Liuzhou,109.43,24.33,2010,1,2010-01,0.0348
Liuzhou,109.43,24.33,2010,2,2010-02,0.1182
Liuzhou,109.43,24.33,2010,3,2010-03,0.142
Liuzhou,109.43,24.33,2010,4,2010-04,0.1542
Liuzhou,109.43,24.33,2010,5,2010-05,0.2023
Liuzhou,109.43,24.33,2010,6,2010-06,0.1006
Liuzhou,109.43,24.33,2010,7,2010-07,0.227
Liuzhou,109.43,24.33,2010,8,2010-08,0.2832
Liuzhou,109.43,24.33,2010,9,2010-09,0.2053
Liuzhou,109.43,24.33,2010,10,2010-10,0.198
Liuzhou,109.43,24.33,2010,11,2010-11,0.1826
Liuzhou,109.43,24.33,2010,12,2010-12,0.1379
Liuzhou,109.43,24.33,2011,1,2011-01,0.0873
Liuzhou,109.43,24.33,2011,2,2011-02,0.1372
Liuzhou,109.43,24.33,2011,3,2011-03,0.1004
Liuzhou,109.43,24.33,2011,4,2011-04,0.1969
Liuzhou,109.43,24.33,2011,5,2011-05,0.197
Liuzhou,109.43,24.33,2011,6,2011-06,0.1448
Liuzhou,109.43,24.33,2011,7,2011-07,0.267
Liuzhou,109.43,24.33,2011,8,2011-08,0.2744
Liuzhou,109.43,24.33,2011,9,2011-09,0.2854
Liuzhou,109.43,24.33,2011,10,2011-10,0.2016
Liuzhou,109.43,24.33,2011,11,2011-11,0.2005
Liuzhou,109.43,24.33,2011,12,2011-12,0.1742
Liuzhou,109.43,24.33,2012,1,2012-01,0.0159
Liuzhou,109.43,24.33,2012,2,2012-02,0.0292
Liuzhou,109.43,24.33,2012,3,2012-03,0.1072
Liuzhou,109.43,24.33,2012,4,2012-04,0.167
Liuzhou,109.43,24.33,2012,5,2012-05,0.2038
Liuzhou,109.43,24.33,2012,6,2012-06,0.1945
Liuzhou,109.43,24.33,2012,7,2012-07,0.1724
Liuzhou,109.43,24.33,2012,8,2012-08,0.2601
Liuzhou,109.43,24.33,2012,9,2012-09,0.3088
Liuzhou,109.43,24.33,2012,10,2012-10,0.2403
Liuzhou,109.43,24.33,2012,11,2012-11,0.204
Liuzhou,109.43,24.33,2012,12,2012-12,0.1714
Liuzhou,109.43,24.33,2013,1,2013-01,0.0928
Liuzhou,109.43,24.33,2013,2,2013-02,0.1491
Liuzhou,109.43,24.33,2013,3,2013-03,0.2171
Liuzhou,109.43,24.33,2013,4,2013-04,0.1294
Liuzhou,109.43,24.33,2013,5,2013-05,0.2222
Liuzhou,109.43,24.33,2013,6,2013-06,0.2597
Liuzhou,109.43,24.33,2013,7,2013-07,0.2189
Liuzhou,109.43,24.33,2013,8,2013-08,0.2017
Liuzhou,109.43,24.33,2013,9,2013-09,0.3377
Liuzhou,109.43,24.33,2013,10,2013-10,0.1878
Liuzhou,109.43,24.33,2013,11,2013-11,0.257
Liuzhou,109.43,24.33,2013,12,2013-12,0.1756
Liuzhou,109.43,24.33,2014,1,2014-01,0.1879
Liuzhou,109.43,24.33,2014,2,2014-02,0.1546
Liuzhou,109.43,24.33,2014,3,2014-03,0.0991
Liuzhou,109.43,24.33,2014,4,2014-04,0.2355
Liuzhou,109.43,24.33,2014,5,2014-05,0.0724
Liuzhou,109.43,24.33,2014,6,2014-06,0.1443
Liuzhou,109.43,24.33,2014,7,2014-07,0.2358
Liuzhou,109.43,24.33,2014,8,2014-08,0.1256
Liuzhou,109.43,24.33,2014,9,2014-09,0.2556
Liuzhou,109.43,24.33,2014,10,2014-10,0.2908
Liuzhou,109.43,24.33,2014,11,2014-11,0.1809
Liuzhou,109.43,24.33,2014,12,2014-12,0.2238
Liuzhou,109.43,24.33,2015,1,2015-01,0.1553
Liuzhou,109.43,24.33,2015,2,2015-02,0.0457
Liuzhou,109.43,24.33,2015,3,2015-03,0.111
Liuzhou,109.43,24.33,2015,4,2015-04,0.3126
Liuzhou,109.43,24.33,2015,5,2015-05,0.1945
Liuzhou,109.43,24.33,2015,6,2015-06,0.2758
Liuzhou,109.43,24.33,2015,7,2015-07,0.2562
Liuzhou,109.43,24.33,2015,8,2015-08,0.2228
Liuzhou,109.43,24.33,2015,9,2015-09,0.3146
Liuzhou,109.43,24.33,2015,10,2015-10,0.2938
Liuzhou,109.43,24.33,2015,11,2015-11,0.2136
Liuzhou,109.43,24.33,2015,12,2015-12,0.1332
Liuzhou,109.43,24.33,2016,1,2016-01,0.0799
Liuzhou,109.43,24.33,2016,2,2016-02,0.1367
Liuzhou,109.43,24.33,2016,3,2016-03,0.0462
Liuzhou,109.43,24.33,2016,4,2016-04,0.1893
Liuzhou,109.43,24.33,2016,5,2016-05,0.147
Liuzhou,109.43,24.33,2016,6,2016-06,0.1752
Liuzhou,109.43,24.33,2016,7,2016-07,0.1856
Liuzhou,109.43,24.33,2016,8,2016-08,0.1938
Liuzhou,109.43,24.33,2016,9,2016-09,0.2818
Liuzhou,109.43,24.33,2016,10,2016-10,0.2423
Liuzhou,109.43,24.33,2016,11,2016-11,0.2046
Liuzhou,109.43,24.33,2016,12,2016-12,0.3758
Liuzhou,109.43,24.33,2017,1,2017-01,0.2325
Liuzhou,109.43,24.33,2017,2,2017-02,0.2406
Liuzhou,109.43,24.33,2017,3,2017-03,0.1113
Liuzhou,109.43,24.33,2017,4,2017-04,0.258
Liuzhou,109.43,24.33,2017,5,2017-05,0.2292
Liuzhou,109.43,24.33,2017,6,2017-06,0.183
Liuzhou,109.43,24.33,2017,7,2017-07,0.268
Liuzhou,109.43,24.33,2017,8,2017-08,0.2534
Liuzhou,109.43,24.33,2017,9,2017-09,0.2616
Liuzhou,109.43,24.33,2017,10,2017-10,0.3895
Liuzhou,109.43,24.33,2017,11,2017-11,0.2318
Liuzhou,109.43,24.33,2017,12,2017-12,0.2085
Liuzhou,109.43,24.33,2018,1,2018-01,0.0941
Liuzhou,109.43,24.33,2018,2,2018-02,0.1452
Liuzhou,109.43,24.33,2018,3,2018-03,0.2567
Liuzhou,109.43,24.33,2018,4,2018-04,0.201
Liuzhou,109.43,24.33,2018,5,2018-05,0.2108
Liuzhou,109.43,24.33,2018,6,2018-06,0.2183
Liuzhou,109.43,24.33,2018,7,2018-07,0.2784
Liuzhou,109.43,24.33,2018,8,2018-08,0.3502
Liuzhou,109.43,24.33,2018,9,2018-09,0.3241
Liuzhou,109.43,24.33,2018,10,2018-10,0.2954
Liuzhou,109.43,24.33,2018,11,2018-11,0.3061
Liuzhou,109.43,24.33,2018,12,2018-12,0.1617
Liuzhou,109.43,24.33,2019,1,2019-01,0.082
Liuzhou,109.43,24.33,2019,2,2019-02,0.0901
Liuzhou,109.43,24.33,2019,3,2019-03,0.267
Liuzhou,109.43,24.33,2019,4,2019-04,0.1143
Liuzhou,109.43,24.33,2019,5,2019-05,0.2823
Liuzhou,109.43,24.33,2019,6,2019-06,0.2646
Liuzhou,109.43,24.33,2019,7,2019-07,0.2284
Liuzhou,109.43,24.33,2019,8,2019-08,0.296
Liuzhou,109.43,24.33,2019,9,2019-09,0.3218
Liuzhou,109.43,24.33,2019,10,2019-10,0.2691
Liuzhou,109.43,24.33,2019,11,2019-11,0.2732
Liuzhou,109.43,24.33,2019,12,2019-12,0.2575
Liuzhou,109.43,24.33,2020,1,2020-01,0.1889
Liuzhou,109.43,24.33,2020,2,2020-02,0.207
Liuzhou,109.43,24.33,2020,3,2020-03,0.1076
Liuzhou,109.43,24.33,2020,4,2020-04,0.3798
Liuzhou,109.43,24.33,2020,5,2020-05,0.2138
Liuzhou,109.43,24.33,2020,6,2020-06,0.204
Liuzhou,109.43,24.33,2020,7,2020-07,0.2522
Liuzhou,109.43,24.33,2020,8,2020-08,0.3086
Liuzhou,109.43,24.33,2020,9,2020-09,0.2034
Liuzhou,109.43,24.33,2020,10,2020-10,0.3941
Liuzhou,109.43,24.33,2020,11,2020-11,0.1648
Liuzhou,109.43,24.33,2020,12,2020-12,0.2484
Liuzhou,109.43,24.33,2021,1,2021-01,0.1852
Liuzhou,109.43,24.33,2021,2,2021-02,0.2143
Liuzhou,109.43,24.33,2021,3,2021-03,0.2085
Liuzhou,109.43,24.33,2021,4,2021-04,0.2172
Liuzhou,109.43,24.33,2021,5,2021-05,0.2804
Liuzhou,109.43,24.33,2021,6,2021-06,0.2138
Liuzhou,109.43,24.33,2021,7,2021-07,0.2514
Liuzhou,109.43,24.33,2021,8,2021-08,0.2622
Liuzhou,109.43,24.33,2021,9,2021-09,0.2521
Liuzhou,109.43,24.33,2021,10,2021-10,0.2739
Liuzhou,109.43,24.33,2021,11,2021-11,0.251
Liuzhou,109.43,24.33,2021,12,2021-12,0.2126
Liuzhou,109.43,24.33,2022,1,2022-01,0.0882
Liuzhou,109.43,24.33,2022,2,2022-02,0.2216
Liuzhou,109.43,24.33,2022,3,2022-03,0.5028
Liuzhou,109.43,24.33,2022,4,2022-04,0.288
Liuzhou,109.43,24.33,2022,5,2022-05,0.1863
Liuzhou,109.43,24.33,2022,6,2022-06,0.1198
Liuzhou,109.43,24.33,2022,7,2022-07,0.2906
Liuzhou,109.43,24.33,2022,8,2022-08,0.2429
Liuzhou,109.43,24.33,2022,9,2022-09,0.3912
Liuzhou,109.43,24.33,2022,10,2022-10,0.2332
Liuzhou,109.43,24.33,2022,11,2022-11,0.1342
Liuzhou,109.43,24.33,2022,12,2022-12,0.2676
Liuzhou,109.43,24.33,2023,1,2023-01,0.2972
Liuzhou,109.43,24.33,2023,2,2023-02,0.1487
Liuzhou,109.43,24.33,2023,3,2023-03,0.2228
Liuzhou,109.43,24.33,2023,4,2023-04,0.3533
Liuzhou,109.43,24.33,2023,5,2023-05,0.3524
Liuzhou,109.43,24.33,2023,6,2023-06,0.2836
Liuzhou,109.43,24.33,2023,7,2023-07,0.2396
Liuzhou,109.43,24.33,2023,8,2023-08,0.2335
Liuzhou,109.43,24.33,2023,9,2023-09,0.2889
Liuzhou,109.43,24.33,2023,10,2023-10,0.25
Liuzhou,109.43,24.33,2023,11,2023-11,0.2858
Liuzhou,109.43,24.33,2023,12,2023-12,0.3168
Liuzhou,109.43,24.33,2024,1,2024-01,0.173
Liuzhou,109.43,24.33,2024,2,2024-02,0.0938
Liuzhou,109.43,24.33,2024,3,2024-03,0.1814
Liuzhou,109.43,24.33,2024,4,2024-04,0.2256
Liuzhou,109.43,24.33,2024,5,2024-05,0.3386
Liuzhou,109.43,24.33,2024,6,2024-06,0.1423
Liuzhou,109.43,24.33,2024,7,2024-07,0.2944
Liuzhou,109.43,24.33,2024,8,2024-08,0.2885
Liuzhou,109.43,24.33,2024,9,2024-09,0.3584
Liuzhou,109.43,24.33,2024,10,2024-10,0.4377
Liuzhou,109.43,24.33,2024,11,2024-11,0.3162
Liuzhou,109.43,24.33,2024,12,2024-12,0.249
Nanning,108.37,22.82,2005,1,2005-01,0.0582
Nanning,108.37,22.82,2005,2,2005-02,0.122
Nanning,108.37,22.82,2005,3,2005-03,0.1112
Nanning,108.37,22.82,2005,4,2005-04,0.2939
Nanning,108.37,22.82,2005,5,2005-05,0.235
Nanning,108.37,22.82,2005,6,2005-06,0.1789
Nanning,108.37,22.82,2005,7,2005-07,0.2238
Nanning,108.37,22.82,2005,8,2005-08,0.2262
Nanning,108.37,22.82,2005,9,2005-09,0.229
Nanning,108.37,22.82,2005,10,2005-10,0.2461
Nanning,108.37,22.82,2005,11,2005-11,0.182
Nanning,108.37,22.82,2005,12,2005-12,0.1481
Nanning,108.37,22.82,2006,1,2006-01,0.1059
Nanning,108.37,22.82,2006,2,2006-02,0.1028
Nanning,108.37,22.82,2006,3,2006-03,0.1434
Nanning,108.37,22.82,2006,4,2006-04,0.1263
Nanning,108.37,22.82,2006,5,2006-05,0.1879
Nanning,108.37,22.82,2006,6,2006-06,0.2226
Nanning,108.37,22.82,2006,7,2006-07,0.1374
Nanning,108.37,22.82,2006,8,2006-08,0.2241
Nanning,108.37,22.82,2006,9,2006-09,0.2004
Nanning,108.37,22.82,2006,10,2006-10,0.1683
Nanning,108.37,22.82,2006,11,2006-11,0.1212
Nanning,108.37,22.82,2006,12,2006-12,0.1253
Nanning,108.37,22.82,2007,1,2007-01,0.1021
Nanning,108.37,22.82,2007,2,2007-02,0.111
Nanning,108.37,22.82,2007,3,2007-03,0.1738
Nanning,108.37,22.82,2007,4,2007-04,0.1668
Nanning,108.37,22.82,2007,5,2007-05,0.2033
Nanning,108.37,22.82,2007,6,2007-06,0.1521
Nanning,108.37,22.82,2007,7,2007-07,0.24
Nanning,108.37,22.82,2007,8,2007-08,0.2561
Nanning,108.37,22.82,2007,9,2007-09,0.2467
Nanning,108.37,22.82,2007,10,2007-10,0.2218
Nanning,108.37,22.82,2007,11,2007-11,0.1794
Nanning,108.37,22.82,2007,12,2007-12,0.1398
Nanning,108.37,22.82,2008,1,2008-01,0.0927
Nanning,108.37,22.82,2008,2,2008-02,0.075
Nanning,108.37,22.82,2008,3,2008-03,0.0546
Nanning,108.37,22.82,2008,4,2008-04,0.1334
Nanning,108.37,22.82,2008,5,2008-05,0.1906
Nanning,108.37,22.82,2008,6,2008-06,0.1891
Nanning,108.37,22.82,2008,7,2008-07,0.1333
Nanning,108.37,22.82,2008,8,2008-08,0.2526
Nanning,108.37,22.82,2008,9,2008-09,0.2494
Nanning,108.37,22.82,2008,10,2008-10,0.1918
Nanning,108.37,22.82,2008,11,2008-11,0.186
Nanning,108.37,22.82,2008,12,2008-12,0.178
Nanning,108.37,22.82,2009,1,2009-01,0.1703
Nanning,108.37,22.82,2009,2,2009-02,0.1795
Nanning,108.37,22.82,2009,3,2009-03,0.169
Nanning,108.37,22.82,2009,4,2009-04,0.2171
Nanning,108.37,22.82,2009,5,2009-05,0.1992
Nanning,108.37,22.82,2009,6,2009-06,0.1716
Nanning,108.37,22.82,2009,7,2009-07,0.2004
Nanning,108.37,22.82,2009,8,2009-08,0.2214
Nanning,108.37,22.82,2009,9,2009-09,0.2534
Nanning,108.37,22.82,2009,10,2009-10,0.1976
Nanning,108.37,22.82,2009,11,2009-11,0.2174
Nanning,108.37,22.82,2009,12,2009-12,0.1735
Nanning,108.37,22.82,2010,1,2010-01,0.1009
Nanning,108.37,22.82,2010,2,2010-02,0.1948
Nanning,108.37,22.82,2010,3,2010-03,0.1992
Nanning,108.37,22.82,2010,4,2010-04,0.1772
Nanning,108.37,22.82,2010,5,2010-05,0.1962
Nanning,108.37,22.82,2010,6,2010-06,0.1558
Nanning,108.37,22.82,2010,7,2010-07,0.2262
Nanning,108.37,22.82,2010,8,2010-08,0.2376
Nanning,108.37,22.82,2010,9,2010-09,0.225
Nanning,108.37,22.82,2010,10,2010-10,0.224
Nanning,108.37,22.82,2010,11,2010-11,0.1598
Nanning,108.37,22.82,2010,12,2010-12,0.1823
Nanning,108.37,22.82,2011,1,2011-01,0.0522
Nanning,108.37,22.82,2011,2,2011-02,0.0598
Nanning,108.37,22.82,2011,3,2011-03,0.1182
Nanning,108.37,22.82,2011,4,2011-04,0.1614
Nanning,108.37,22.82,2011,5,2011-05,0.2079
Nanning,108.37,22.82,2011,6,2011-06,0.2299
Nanning,108.37,22.82,2011,7,2011-07,0.1758
Nanning,108.37,22.82,2011,8,2011-08,0.2568
Nanning,108.37,22.82,2011,9,2011-09,0.209
Nanning,108.37,22.82,2011,10,2011-10,0.2217
Nanning,108.37,22.82,2011,11,2011-11,0.1879
Nanning,108.37,22.82,2011,12,2011-12,0.1427
Nanning,108.37,22.82,2012,1,2012-01,0.0211
Nanning,108.37,22.82,2012,2,2012-02,0.0448
Nanning,108.37,22.82,2012,3,2012-03,0.1187
Nanning,108.37,22.82,2012,4,2012-04,0.2284
Nanning,108.37,22.82,2012,5,2012-05,0.1466
Nanning,108.37,22.82,2012,6,2012-06,0.2456
Nanning,108.37,22.82,2012,7,2012-07,0.2819
Nanning,108.37,22.82,2012,8,2012-08,0.1801
Nanning,108.37,22.82,2012,9,2012-09,0.2604
Nanning,108.37,22.82,2012,10,2012-10,0.2575
Nanning,108.37,22.82,2012,11,2012-11,0.1997
Nanning,108.37,22.82,2012,12,2012-12,0.1771
Nanning,108.37,22.82,2013,1,2013-01,0.0388
Nanning,108.37,22.82,2013,2,2013-02,0.1372
Nanning,108.37,22.82,2013,3,2013-03,0.268
Nanning,108.37,22.82,2013,4,2013-04,0.1602
Nanning,108.37,22.82,2013,5,2013-05,0.2735
Nanning,108.37,22.82,2013,6,2013-06,0.2845
Nanning,108.37,22.82,2013,7,2013-07,0.1906
Nanning,108.37,22.82,2013,8,2013-08,0.262
Nanning,108.37,22.82,2013,9,2013-09,0.2767
Nanning,108.37,22.82,2013,10,2013-10,0.2875
Nanning,108.37,22.82,2013,11,2013-11,0.2438
Nanning,108.37,22.82,2013,12,2013-12,0.2092
Nanning,108.37,22.82,2014,1,2014-01,0.1705
Nanning,108.37,22.82,2014,2,2014-02,0.0363
Nanning,108.37,22.82,2014,3,2014-03,0.0607
Nanning,108.37,22.82,2014,4,2014-04,0.1668
Nanning,108.37,22.82,2014,5,2014-05,0.2289
Nanning,108.37,22.82,2014,6,2014-06,0.177
Nanning,108.37,22.82,2014,7,2014-07,0.2974
Nanning,108.37,22.82,2014,8,2014-08,0.1724
Nanning,108.37,22.82,2014,9,2014-09,0.2984
Nanning,108.37,22.82,2014,10,2014-10,0.1003
Nanning,108.37,22.82,2014,11,2014-11,0.194
Nanning,108.37,22.82,2014,12,2014-12,0.264
Nanning,108.37,22.82,2015,1,2015-01,0.2104
Nanning,108.37,22.82,2015,2,2015-02,0.1237
Nanning,108.37,22.82,2015,3,2015-03,0.1715
Nanning,108.37,22.82,2015,4,2015-04,0.1714
Nanning,108.37,22.82,2015,5,2015-05,0.2216
Nanning,108.37,22.82,2015,6,2015-06,0.1999
Nanning,108.37,22.82,2015,7,2015-07,0.2152
Nanning,108.37,22.82,2015,8,2015-08,0.2287
Nanning,108.37,22.82,2015,9,2015-09,0.3061
Nanning,108.37,22.82,2015,10,2015-10,0.352
Nanning,108.37,22.82,2015,11,2015-11,0.3324
Nanning,108.37,22.82,2015,12,2015-12,0.277
Nanning,108.37,22.82,2016,1,2016-01,0.1666
Nanning,108.37,22.82,2016,2,2016-02,0.243
Nanning,108.37,22.82,2016,3,2016-03,0.0874
Nanning,108.37,22.82,2016,4,2016-04,0.2604
Nanning,108.37,22.82,2016,5,2016-05,0.3034
Nanning,108.37,22.82,2016,6,2016-06,0.2152
Nanning,108.37,22.82,2016,7,2016-07,0.294
Nanning,108.37,22.82,2016,8,2016-08,0.233
Nanning,108.37,22.82,2016,9,2016-09,0.3264
Nanning,108.37,22.82,2016,10,2016-10,0.2835
Nanning,108.37,22.82,2016,11,2016-11,0.3219
Nanning,108.37,22.82,2016,12,2016-12,0.2912
Nanning,108.37,22.82,2017,1,2017-01,0.2774
Nanning,108.37,22.82,2017,2,2017-02,0.2652
Nanning,108.37,22.82,2017,3,2017-03,0.1882
Nanning,108.37,22.82,2017,4,2017-04,0.3164
Nanning,108.37,22.82,2017,5,2017-05,0.2984
Nanning,108.37,22.82,2017,6,2017-06,0.2106
Nanning,108.37,22.82,2017,7,2017-07,0.3286
Nanning,108.37,22.82,2017,8,2017-08,0.3162
Nanning,108.37,22.82,2017,9,2017-09,0.3442
Nanning,108.37,22.82,2017,10,2017-10,0.3403
Nanning,108.37,22.82,2017,11,2017-11,0.2891
Nanning,108.37,22.82,2017,12,2017-12,0.2613
Nanning,108.37,22.82,2018,1,2018-01,0.1297
Nanning,108.37,22.82,2018,2,2018-02,0.2116
Nanning,108.37,22.82,2018,3,2018-03,0.2971
Nanning,108.37,22.82,2018,4,2018-04,0.1677
Nanning,108.37,22.82,2018,5,2018-05,0.1473
Nanning,108.37,22.82,2018,6,2018-06,0.2578
Nanning,108.37,22.82,2018,7,2018-07,0.2722
Nanning,108.37,22.82,2018,8,2018-08,0.3459
Nanning,108.37,22.82,2018,9,2018-09,0.3419
Nanning,108.37,22.82,2018,10,2018-10,0.4087
Nanning,108.37,22.82,2018,11,2018-11,0.3362
Nanning,108.37,22.82,2018,12,2018-12,0.2052
Nanning,108.37,22.82,2019,1,2019-01,0.1584
Nanning,108.37,22.82,2019,2,2019-02,0.1882
Nanning,108.37,22.82,2019,3,2019-03,0.2789
Nanning,108.37,22.82,2019,4,2019-04,0.2756
Nanning,108.37,22.82,2019,5,2019-05,0.2901
Nanning,108.37,22.82,2019,6,2019-06,0.2082
Nanning,108.37,22.82,2019,7,2019-07,0.1909
Nanning,108.37,22.82,2019,8,2019-08,0.2656
Nanning,108.37,22.82,2019,9,2019-09,0.3483
Nanning,108.37,22.82,2019,10,2019-10,0.2636
Nanning,108.37,22.82,2019,11,2019-11,0.2826
Nanning,108.37,22.82,2019,12,2019-12,0.2949
Nanning,108.37,22.82,2020,1,2020-01,0.2921
Nanning,108.37,22.82,2020,2,2020-02,0.2126
Nanning,108.37,22.82,2020,3,2020-03,0.1646
Nanning,108.37,22.82,2020,4,2020-04,0.3014
Nanning,108.37,22.82,2020,5,2020-05,0.2004
Nanning,108.37,22.82,2020,6,2020-06,0.1105
Nanning,108.37,22.82,2020,7,2020-07,0.1371
Nanning,108.37,22.82,2020,8,2020-08,0.3059
Nanning,108.37,22.82,2020,9,2020-09,0.2613
Nanning,108.37,22.82,2020,10,2020-10,0.3429
Nanning,108.37,22.82,2020,11,2020-11,0.3127
Nanning,108.37,22.82,2020,12,2020-12,0.2748
Nanning,108.37,22.82,2021,1,2021-01,0.2694
Nanning,108.37,22.82,2021,2,2021-02,0.2855
Nanning,108.37,22.82,2021,3,2021-03,0.2042
Nanning,108.37,22.82,2021,4,2021-04,0.2056
Nanning,108.37,22.82,2021,5,2021-05,0.253
Nanning,108.37,22.82,2021,6,2021-06,0.3129
Nanning,108.37,22.82,2021,7,2021-07,0.3073
Nanning,108.37,22.82,2021,8,2021-08,0.2372
Nanning,108.37,22.82,2021,9,2021-09,0.3029
Nanning,108.37,22.82,2021,10,2021-10,0.316
Nanning,108.37,22.82,2021,11,2021-11,0.399
Nanning,108.37,22.82,2021,12,2021-12,0.3544
Nanning,108.37,22.82,2022,1,2022-01,0.2988
Nanning,108.37,22.82,2022,2,2022-02,0.3382
Nanning,108.37,22.82,2022,3,2022-03,0.3154
Nanning,108.37,22.82,2022,4,2022-04,0.3825
Nanning,108.37,22.82,2022,5,2022-05,0.1973
Nanning,108.37,22.82,2022,6,2022-06,0.2819
Nanning,108.37,22.82,2022,7,2022-07,0.243
Nanning,108.37,22.82,2022,8,2022-08,0.2828
Nanning,108.37,22.82,2022,9,2022-09,0.2396
Nanning,108.37,22.82,2022,10,2022-10,0.3475
Nanning,108.37,22.82,2022,11,2022-11,0.2379
Nanning,108.37,22.82,2022,12,2022-12,0.3482
Nanning,108.37,22.82,2023,1,2023-01,0.2654
Nanning,108.37,22.82,2023,2,2023-02,0.1646
Nanning,108.37,22.82,2023,3,2023-03,0.2967
Nanning,108.37,22.82,2023,4,2023-04,0.4126
Nanning,108.37,22.82,2023,5,2023-05,0.293
Nanning,108.37,22.82,2023,6,2023-06,0.2558
Nanning,108.37,22.82,2023,7,2023-07,0.2589
Nanning,108.37,22.82,2023,8,2023-08,0.2851
Nanning,108.37,22.82,2023,9,2023-09,0.3626
Nanning,108.37,22.82,2023,10,2023-10,0.2494
Nanning,108.37,22.82,2023,11,2023-11,0.3199
Nanning,108.37,22.82,2023,12,2023-12,0.3406
Nanning,108.37,22.82,2024,1,2024-01,0.1546
Nanning,108.37,22.82,2024,2,2024-02,0.2979
Nanning,108.37,22.82,2024,3,2024-03,0.3034
Nanning,108.37,22.82,2024,4,2024-04,0.3719
Nanning,108.37,22.82,2024,5,2024-05,0.2068
Nanning,108.37,22.82,2024,6,2024-06,0.223
Nanning,108.37,22.82,2024,7,2024-07,0.2924
Nanning,108.37,22.82,2024,8,2024-08,0.3978
Nanning,108.37,22.82,2024,9,2024-09,0.3408
Nanning,108.37,22.82,2024,10,2024-10,0.3647
Nanning,108.37,22.82,2024,11,2024-11,0.3518
Nanning,108.37,22.82,2024,12,2024-12,0.3156
Wuzhou,111.28,23.47,2005,1,2005-01,-0.0159
Wuzhou,111.28,23.47,2005,2,2005-02,-0.0332
Wuzhou,111.28,23.47,2005,3,2005-03,0.0211
Wuzhou,111.28,23.47,2005,4,2005-04,0.0164
Wuzhou,111.28,23.47,2005,5,2005-05,-0.0378
Wuzhou,111.28,23.47,2005,6,2005-06,-0.0478
Wuzhou,111.28,23.47,2005,7,2005-07,-0.1488
Wuzhou,111.28,23.47,2005,8,2005-08,-0.1324
Wuzhou,111.28,23.47,2005,9,2005-09,-0.1171
Wuzhou,111.28,23.47,2005,10,2005-10,-0.1863
Wuzhou,111.28,23.47,2005,11,2005-11,
Wuzhou,111.28,23.47,2005,12,2005-12,-0.1316
Wuzhou,111.28,23.47,2006,1,2006-01,0.0623
Wuzhou,111.28,23.47,2006,2,2006-02,-0.0471
Wuzhou,111.28,23.47,2006,3,2006-03,-0.085
Wuzhou,111.28,23.47,2006,4,2006-04,-0.0112
Wuzhou,111.28,23.47,2006,5,2006-05,0.0965
Wuzhou,111.28,23.47,2006,6,2006-06,0.057
Wuzhou,111.28,23.47,2006,7,2006-07,-0.0784
Wuzhou,111.28,23.47,2006,8,2006-08,-0.1116
Wuzhou,111.28,23.47,2006,9,2006-09,
Wuzhou,111.28,23.47,2006,10,2006-10,-0.1803
Wuzhou,111.28,23.47,2006,11,2006-11,0.0221
Wuzhou,111.28,23.47,2006,12,2006-12,-0.114
Wuzhou,111.28,23.47,2007,1,2007-01,-0.1935
Wuzhou,111.28,23.47,2007,2,2007-02,-0.0207
Wuzhou,111.28,23.47,2007,3,2007-03,0.0576
Wuzhou,111.28,23.47,2007,4,2007-04,-0.182
Wuzhou,111.28,23.47,2007,5,2007-05,0.0377
Wuzhou,111.28,23.47,2007,6,2007-06,0.0944
Wuzhou,111.28,23.47,2007,7,2007-07,0.0561
Wuzhou,111.28,23.47,2007,8,2007-08,-0.0894
Wuzhou,111.28,23.47,2007,9,2007-09,-0.1282
Wuzhou,111.28,23.47,2007,10,2007-10,-0.1449
Wuzhou,111.28,23.47,2007,11,2007-11,-0.1833
Wuzhou,111.28,23.47,2007,12,2007-12,-0.1158
Wuzhou,111.28,23.47,2008,1,2008-01,-0.0848
Wuzhou,111.28,23.47,2008,2,2008-02,-0.1186
Wuzhou,111.28,23.47,2008,3,2008-03,-0.0695
Wuzhou,111.28,23.47,2008,4,2008-04,0.0563
Wuzhou,111.28,23.47,2008,5,2008-05,0.0114
Wuzhou,111.28,23.47,2008,6,2008-06,-0.0508
Wuzhou,111.28,23.47,2008,7,2008-07,
Wuzhou,111.28,23.47,2008,8,2008-08,
Wuzhou,111.28,23.47,2008,9,2008-09,-0.0984
Wuzhou,111.28,23.47,2008,10,2008-10,-0.1591
Wuzhou,111.28,23.47,2008,11,2008-11,
Wuzhou,111.28,23.47,2008,12,2008-12,-0.171
Wuzhou,111.28,23.47,2009,1,2009-01,-0.1761
Wuzhou,111.28,23.47,2009,2,2009-02,-0.0308
Wuzhou,111.28,23.47,2009,3,2009-03,0.0214
Wuzhou,111.28,23.47,2009,4,2009-04,-0.0183
Wuzhou,111.28,23.47,2009,5,2009-05,0.0873
Wuzhou,111.28,23.47,2009,6,2009-06,-0.181
Wuzhou,111.28,23.47,2009,7,2009-07,0.0482
Wuzhou,111.28,23.47,2009,8,2009-08,0.1094
Wuzhou,111.28,23.47,2009,9,2009-09,-0.0312
Wuzhou,111.28,23.47,2009,10,2009-10,-0.1512
Wuzhou,111.28,23.47,2009,11,2009-11,-0.0553
Wuzhou,111.28,23.47,2009,12,2009-12,-0.0753
Wuzhou,111.28,23.47,2010,1,2010-01,-0.0759
Wuzhou,111.28,23.47,2010,2,2010-02,-0.1393
Wuzhou,111.28,23.47,2010,3,2010-03,0.1017
Wuzhou,111.28,23.47,2010,4,2010-04,0.06
Wuzhou,111.28,23.47,2010,5,2010-05,-0.0016
Wuzhou,111.28,23.47,2010,6,2010-06,0.1699
Wuzhou,111.28,23.47,2010,7,2010-07,0.0501
Wuzhou,111.28,23.47,2010,8,2010-08,0.0442
Wuzhou,111.28,23.47,2010,9,2010-09,0.0203
Wuzhou,111.28,23.47,2010,10,2010-10,-0.0667
Wuzhou,111.28,23.47,2010,11,2010-11,0.0648
Wuzhou,111.28,23.47,2010,12,2010-12,-0.1786
Wuzhou,111.28,23.47,2011,1,2011-01,0.0011
Wuzhou,111.28,23.47,2011,2,2011-02,0.0228
Wuzhou,111.28,23.47,2011,3,2011-03,-0.0139
Wuzhou,111.28,23.47,2011,4,2011-04,0.0459
Wuzhou,111.28,23.47,2011,5,2011-05,0.0822
Wuzhou,111.28,23.47,2011,6,2011-06,-0.158
Wuzhou,111.28,23.47,2011,7,2011-07,0.0304
Wuzhou,111.28,23.47,2011,8,2011-08,0.1152
Wuzhou,111.28,23.47,2011,9,2011-09,0.125
Wuzhou,111.28,23.47,2011,10,2011-10,
Wuzhou,111.28,23.47,2011,11,2011-11,-0.0818
Wuzhou,111.28,23.47,2011,12,2011-12,-0.0558
Wuzhou,111.28,23.47,2012,1,2012-01,0.0533
Wuzhou,111.28,23.47,2012,2,2012-02,0.0326
Wuzhou,111.28,23.47,2012,3,2012-03,0.0395
Wuzhou,111.28,23.47,2012,4,2012-04,-0.0173
Wuzhou,111.28,23.47,2012,5,2012-05,0.0368
Wuzhou,111.28,23.47,2012,6,2012-06,0.0638
Wuzhou,111.28,23.47,2012,7,2012-07,0.005
Wuzhou,111.28,23.47,2012,8,2012-08,-0.0772
Wuzhou,111.28,23.47,2012,9,2012-09,-0.1238
Wuzhou,111.28,23.47,2012,10,2012-10,0.0418
Wuzhou,111.28,23.47,2012,11,2012-11,-0.0229
Wuzhou,111.28,23.47,2012,12,2012-12,
Wuzhou,111.28,23.47,2013,1,2013-01,-0.1363
Wuzhou,111.28,23.47,2013,2,2013-02,0.0268
Wuzhou,111.28,23.47,2013,3,2013-03,0.0219
Wuzhou,111.28,23.47,2013,4,2013-04,0.1187
Wuzhou,111.28,23.47,2013,5,2013-05,0.0294
Wuzhou,111.28,23.47,2013,6,2013-06,-0.0381
Wuzhou,111.28,23.47,2013,7,2013-07,-0.144
Wuzhou,111.28,23.47,2013,8,2013-08,-0.0472
Wuzhou,111.28,23.47,2013,9,2013-09,
Wuzhou,111.28,23.47,2013,10,2013-10,-0.1802
Wuzhou,111.28,23.47,2013,11,2013-11,
Wuzhou,111.28,23.47,2013,12,2013-12,0.0023
Wuzhou,111.28,23.47,2014,1,2014-01,-0.0258
Wuzhou,111.28,23.47,2014,2,2014-02,-0.0616
Wuzhou,111.28,23.47,2014,3,2014-03,0.0462
Wuzhou,111.28,23.47,2014,4,2014-04,0.0268
Wuzhou,111.28,23.47,2014,5,2014-05,-0.1702
Wuzhou,111.28,23.47,2014,6,2014-06,-0.1529
Wuzhou,111.28,23.47,2014,7,2014-07,0.0588
Wuzhou,111.28,23.47,2014,8,2014-08,-0.0532
Wuzhou,111.28,23.47,2014,9,2014-09,-0.0995
Wuzhou,111.28,23.47,2014,10,2014-10,0.0203
Wuzhou,111.28,23.47,2014,11,2014-11,-0.0104
Wuzhou,111.28,23.47,2014,12,2014-12,0.018
Wuzhou,111.28,23.47,2015,1,2015-01,-0.1174
Wuzhou,111.28,23.47,2015,2,2015-02,-0.0105
Wuzhou,111.28,23.47,2015,3,2015-03,0.0761
Wuzhou,111.28,23.47,2015,4,2015-04,0.0428
Wuzhou,111.28,23.47,2015,5,2015-05,0.0291
Wuzhou,111.28,23.47,2015,6,2015-06,-0.0182
Wuzhou,111.28,23.47,2015,7,2015-07,-0.0693
Wuzhou,111.28,23.47,2015,8,2015-08,-0.0671
Wuzhou,111.28,23.47,2015,9,2015-09,
Wuzhou,111.28,23.47,2015,10,2015-10,-0.1449
Wuzhou,111.28,23.47,2015,11,2015-11,-0.009
Wuzhou,111.28,23.47,2015,12,2015-12,-0.0281
Wuzhou,111.28,23.47,2016,1,2016-01,-0.0435
Wuzhou,111.28,23.47,2016,2,2016-02,-0.0658
Wuzhou,111.28,23.47,2016,3,2016-03,0.0366
Wuzhou,111.28,23.47,2016,4,2016-04,0.0325
Wuzhou,111.28,23.47,2016,5,2016-05,-0.1857
Wuzhou,111.28,23.47,2016,6,2016-06,-0.0607
Wuzhou,111.28,23.47,2016,7,2016-07,
Wuzhou,111.28,23.47,2016,8,2016-08,0.0723
Wuzhou,111.28,23.47,2016,9,2016-09,-0.1662
Wuzhou,111.28,23.47,2016,10,2016-10,0.0991
Wuzhou,111.28,23.47,2016,11,2016-11,-0.0811
Wuzhou,111.28,23.47,2016,12,2016-12,
Wuzhou,111.28,23.47,2017,1,2017-01,-0.033
Wuzhou,111.28,23.47,2017,2,2017-02,0.0375
Wuzhou,111.28,23.47,2017,3,2017-03,0.0176
Wuzhou,111.28,23.47,2017,4,2017-04,0.0406
Wuzhou,111.28,23.47,2017,5,2017-05,0.1756
Wuzhou,111.28,23.47,2017,6,2017-06,0.0853
Wuzhou,111.28,23.47,2017,7,2017-07,-0.0039
Wuzhou,111.28,23.47,2017,8,2017-08,
Wuzhou,111.28,23.47,2017,9,2017-09,0.0416
Wuzhou,111.28,23.47,2017,10,2017-10,
Wuzhou,111.28,23.47,2017,11,2017-11,0.0305
Wuzhou,111.28,23.47,2017,12,2017-12,0.0447
Wuzhou,111.28,23.47,2018,1,2018-01,0.0394
Wuzhou,111.28,23.47,2018,2,2018-02,-0.0201
Wuzhou,111.28,23.47,2018,3,2018-03,0.06
Wuzhou,111.28,23.47,2018,4,2018-04,0.0702
Wuzhou,111.28,23.47,2018,5,2018-05,0.03
Wuzhou,111.28,23.47,2018,6,2018-06,0.0247
Wuzhou,111.28,23.47,2018,7,2018-07,0.0257
Wuzhou,111.28,23.47,2018,8,2018-08,-0.1561
Wuzhou,111.28,23.47,2018,9,2018-09,-0.1982
Wuzhou,111.28,23.47,2018,10,2018-10,
Wuzhou,111.28,23.47,2018,11,2018-11,-0.0509
Wuzhou,111.28,23.47,2018,12,2018-12,0.0263
Wuzhou,111.28,23.47,2019,1,2019-01,-0.0725
Wuzhou,111.28,23.47,2019,2,2019-02,0.037
Wuzhou,111.28,23.47,2019,3,2019-03,-0.0246
Wuzhou,111.28,23.47,2019,4,2019-04,0.0256
Wuzhou,111.28,23.47,2019,5,2019-05,0.0268
Wuzhou,111.28,23.47,2019,6,2019-06,0.0807
Wuzhou,111.28,23.47,2019,7,2019-07,-0.123
Wuzhou,111.28,23.47,2019,8,2019-08,-0.055
Wuzhou,111.28,23.47,2019,9,2019-09,0.0382
Wuzhou,111.28,23.47,2019,10,2019-10,
Wuzhou,111.28,23.47,2019,11,2019-11,-0.1479
Wuzhou,111.28,23.47,2019,12,2019-12,0.0061
Wuzhou,111.28,23.47,2020,1,2020-01,0.0073
Wuzhou,111.28,23.47,2020,2,2020-02,0.1645
Wuzhou,111.28,23.47,2020,3,2020-03,0.0461
Wuzhou,111.28,23.47,2020,4,2020-04,-0.0854
Wuzhou,111.28,23.47,2020,5,2020-05,0.0937
Wuzhou,111.28,23.47,2020,6,2020-06,-0.0586
Wuzhou,111.28,23.47,2020,7,2020-07,-0.0112
Wuzhou,111.28,23.47,2020,8,2020-08,-0.0641
Wuzhou,111.28,23.47,2020,9,2020-09,-0.0361
Wuzhou,111.28,23.47,2020,10,2020-10,
Wuzhou,111.28,23.47,2020,11,2020-11,0.0423
Wuzhou,111.28,23.47,2020,12,2020-12,-0.1371
Wuzhou,111.28,23.47,2021,1,2021-01,-0.1386
Wuzhou,111.28,23.47,2021,2,2021-02,-0.006
Wuzhou,111.28,23.47,2021,3,2021-03,0.0219
Wuzhou,111.28,23.47,2021,4,2021-04,0.025
Wuzhou,111.28,23.47,2021,5,2021-05,-0.0128
Wuzhou,111.28,23.47,2021,6,2021-06,0.07
Wuzhou,111.28,23.47,2021,7,2021-07,0.1693
Wuzhou,111.28,23.47,2021,8,2021-08,-0.0548
Wuzhou,111.28,23.47,2021,9,2021-09,-0.0912
Wuzhou,111.28,23.47,2021,10,2021-10,0.0901
Wuzhou,111.28,23.47,2021,11,2021-11,0.0235
Wuzhou,111.28,23.47,2021,12,2021-12,0.0467
Wuzhou,111.28,23.47,2022,1,2022-01,-0.0252
Wuzhou,111.28,23.47,2022,2,2022-02,0.0296
Wuzhou,111.28,23.47,2022,3,2022-03,0.0085
Wuzhou,111.28,23.47,2022,4,2022-04,0.0458
Wuzhou,111.28,23.47,2022,5,2022-05,0.0584
Wuzhou,111.28,23.47,2022,6,2022-06,0.0587
Wuzhou,111.28,23.47,2022,7,2022-07,0.0799
Wuzhou,111.28,23.47,2022,8,2022-08,-0.153
Wuzhou,111.28,23.47,2022,9,2022-09,0.0771
Wuzhou,111.28,23.47,2022,10,2022-10,-0.1957
Wuzhou,111.28,23.47,2022,11,2022-11,0.0184
Wuzhou,111.28,23.47,2022,12,2022-12,-0.1508
Wuzhou,111.28,23.47,2023,1,2023-01,-0.1591
Wuzhou,111.28,23.47,2023,2,2023-02,-0.011
Wuzhou,111.28,23.47,2023,3,2023-03,0.1552
Wuzhou,111.28,23.47,2023,4,2023-04,0.116
Wuzhou,111.28,23.47,2023,5,2023-05,0.0993
Wuzhou,111.28,23.47,2023,6,2023-06,-0.1922
Wuzhou,111.28,23.47,2023,7,2023-07,-0.1287
Wuzhou,111.28,23.47,2023,8,2023-08,0.0353
Wuzhou,111.28,23.47,2023,9,2023-09,-0.0894
Wuzhou,111.28,23.47,2023,10,2023-10,-0.0078
Wuzhou,111.28,23.47,2023,11,2023-11,0.033
Wuzhou,111.28,23.47,2023,12,2023-12,-0.1167
Wuzhou,111.28,23.47,2024,1,2024-01,-0.021
Wuzhou,111.28,23.47,2024,2,2024-02,-0.0698
Wuzhou,111.28,23.47,2024,3,2024-03,0.1824
Wuzhou,111.28,23.47,2024,4,2024-04,0.1512
Wuzhou,111.28,23.47,2024,5,2024-05,0.0324
Wuzhou,111.28,23.47,2024,6,2024-06,0.0306
Wuzhou,111.28,23.47,2024,7,2024-07,
Wuzhou,111.28,23.47,2024,8,2024-08,-0.1042
Wuzhou,111.28,23.47,2024,9,2024-09,0.0757
Wuzhou,111.28,23.47,2024,10,2024-10,-0.1687
Wuzhou,111.28,23.47,2024,11,2024-11,-0.1419
Wuzhou,111.28,23.47,2024,12,2024-12,0.0895

# 数据来源: NASA MODIS MOD13Q1植被指数产品 (https://modis.ornl.gov/)
# 变量说明: NDVI归一化植被指数(16天合成数据月均值)
# 时间范围: 2005-2024 | 空间范围: 广西8个代表性城市, 250m空间分辨率
# 数据说明: Terra卫星MODIS传感器, 红光与近红外波段计算, NDVI范围-0.2~1.0
# 获取方式: ORNL DAAC MODIS Web Service REST API按站点提取, 16天数据聚合为月均值
# 指数判读: NDVI > 0.5茂密植被, 0.2-0.5稀疏植被, < 0.1裸地或水体
