平均气温(°C),最高气温(°C),最低气温(°C),平均湿度(%),总降水量(mm),平均风速(km/h),日照时数(h),参考蒸散量ET₀(mm),平均海平面气压(hPa),土壤温度0-7cm(°C),土壤湿度0-7cm(m³/m³),最大阵风(km/h),盛行风向(°),平均云量(%),平均露点温度(°C),日期,年份_int,月份_int,季节
10.465,24.946250000000003,-1.4187500000000002,74.44125000000001,30.767500000000002,13.441500000000003,4.4953777040309415,6.0062500000000005,990.6125,11.25625,0.5875,30.897,45.1,73.25375,5.6075,2005-01-01,2005,1,冬季
13.8225,28.45125,1.7625000000000002,73.88250000000001,37.065,15.493500000000001,4.460227893456039,7.769999999999998,988.1125,15.030000000000001,0.5825,37.098,56.6875,74.48125,8.8,2005-02-01,2005,2,冬季
16.745,29.876249999999995,4.13375,72.3575,81.80125,14.597999999999999,5.165165677649951,15.5,988.55,17.62875,0.6024999999999999,40.4595,82.0625,79.98125,11.1675,2005-03-01,2005,3,春季
22.69875,34.737500000000004,12.33875,73.83625,97.6125,13.0185,8.02400983802236,44.8875,983.5624999999999,23.466250000000002,0.6212500000000001,34.74,147.42499999999998,74.05375,17.22375,2005-04-01,2005,4,春季
26.650000000000002,34.691250000000004,18.835,81.26375,243.04,13.373999999999999,10.226221161367874,94.04624999999999,976.775,27.04625,0.72875,34.299,171.05,74.25500000000001,22.79625,2005-05-01,2005,5,春季
26.918749999999996,32.011250000000004,22.622500000000002,89.48124999999999,290.5875,12.123,5.918861350879967,73.425,973.7375,26.95,0.9012500000000001,26.154,165.275,92.72749999999999,24.97,2005-06-01,2005,6,夏季
27.50375,33.48375,23.294999999999998,85.17625,154.6125,11.785499999999999,12.241535543127469,156.9375,976.7624999999999,27.59875,0.8825,33.9885,164.51250000000002,63.685,24.65125,2005-07-01,2005,7,夏季
27.01375,33.616249999999994,21.12,85.0875,174.72375000000002,10.368,11.181566711200688,163.99,976.0249999999999,27.22375,0.84875,28.808999999999997,108.8125,76.03875,24.155,2005-08-01,2005,8,夏季
25.9025,32.67,19.124999999999996,81.53999999999999,100.35000000000001,12.933,12.795267130928918,168.9,981.4375000000001,26.01625,0.785,36.83700000000001,56.3875,63.87625,22.289999999999996,2005-09-01,2005,9,秋季
22.371250000000003,32.292500000000004,12.122500000000002,73.405,16.430000000000003,12.1005,13.329380606919358,105.08999999999999,987.475,22.835,0.67875,29.988,45.3,47.27375000000001,16.977500000000003,2005-10-01,2005,10,秋季
18.85875,30.698750000000004,6.9750000000000005,75.81250000000001,44.43750000000001,12.8385,12.433663621408142,44.887499999999996,988.1875,19.447499999999998,0.64625,27.63,50.6125,56.02875,14.1025,2005-11-01,2005,11,秋季
11.791250000000002,23.725,1.41125,65.41749999999999,30.535000000000004,15.120000000000001,10.119280389361371,15.655,993.2250000000001,12.508750000000001,0.6125,36.112500000000004,39.3125,62.36375000000001,4.76375,2005-12-01,2005,12,冬季
12.4825,25.3925,0.2300000000000001,72.345,22.707499999999996,14.0625,7.3187390200950375,11.779999999999998,989.6125,13.23,0.5950000000000001,34.830000000000005,48.56250000000001,61.74375,7.135,2006-01-01,2006,1,冬季
14.319999999999999,27.77,4.20125,75.85249999999999,74.69,15.160499999999999,3.341410509906276,9.1,990.7499999999999,15.383750000000001,0.5925,37.080000000000005,51.8125,88.325,9.758750000000001,2006-02-01,2006,2,冬季
17.799999999999997,30.078750000000003,2.4187499999999997,75.42625000000001,69.2075,13.175999999999998,5.567132376215061,27.55125,985.3125,18.72,0.64375,40.2165,77.0625,84.795,12.8825,2006-03-01,2006,3,春季
23.2425,34.3425,9.97,74.78125,100.72500000000001,14.940000000000001,8.115944151251302,51.412499999999994,981.1999999999999,24.020000000000003,0.6575,38.2815,163.0125,76.06125,17.92375,2006-04-01,2006,4,春季
24.773750000000003,34.1225,15.182500000000001,77.5475,207.235,13.428,8.373789577295106,79.90249999999999,980.5124999999999,25.25375,0.7,38.745000000000005,130.1875,75.51,20.04375,2006-05-01,2006,5,春季
26.716249999999995,32.676249999999996,21.36,86.18375,260.02500000000003,11.241,8.528612127846657,103.8375,976.4625,26.9475,0.8124999999999999,27.171,176.4375,83.30999999999999,24.0725,2006-06-01,2006,6,夏季
27.56125,33.44,23.262500000000003,86.29125,313.06125,12.154499999999999,9.680078606183365,131.01375000000002,973.7375,27.67625,0.87125,33.57000000000001,164.23750000000004,78.20375,24.94125,2006-07-01,2006,7,夏季
26.885,32.22,21.223750000000003,84.97000000000001,232.88750000000002,10.858500000000001,11.52295387632875,124.23250000000002,976.3,26.922500000000003,0.89625,45.52875,86.4625,71.08875,24.029999999999998,2006-08-01,2006,8,夏季
24.34625,31.785,16.05125,80.39249999999998,63.224999999999994,12.257999999999997,13.132199045077462,146.54999999999998,981.8625,24.458750000000002,0.8325,30.573,45.8,57.005,20.54625,2006-09-01,2006,9,秋季
23.92125,30.203749999999996,15.67125,79.24875,41.96625,9.9315,13.329380606919358,119.15624999999999,986.2375,24.271250000000002,0.7150000000000001,25.929,67.17500000000001,46.67624999999999,19.846249999999998,2006-10-01,2006,10,秋季
18.94625,29.1375,9.22,75.6475,70.01249999999999,12.69,11.490332129578706,52.687499999999986,987.1625,19.26125,0.6649999999999999,30.6045,52.31249999999999,59.52375,14.026250000000001,2006-11-01,2006,11,秋季
12.875,25.555000000000003,3.4887499999999996,69.78875,7.94375,14.2605,13.195499219398968,27.125,992.7125,13.256250000000001,0.6487499999999999,30.293999999999997,40.837500000000006,50.94375000000001,6.89125,2006-12-01,2006,12,冬季
10.715000000000002,22.58875,2.06,69.46374999999999,33.59624999999999,14.800500000000001,6.952862235369534,11.0825,994.1624999999999,11.357499999999998,0.625,32.6295,35.3625,70.5325,4.70375,2007-01-01,2007,1,冬季
17.708750000000002,28.168750000000003,5.53125,75.17,46.970000000000006,13.239,7.801310404210194,15.294999999999998,986.6250000000001,18.091250000000002,0.605,32.877,131.16250000000002,70.505,12.6575,2007-02-01,2007,2,冬季
18.845,32.115,6.3412500000000005,77.775,65.91375000000001,15.5925,5.161982643502626,25.613749999999996,984.55,19.72625,0.6400000000000001,34.6365,111.85,86.0325,14.44625,2007-03-01,2007,3,春季
20.546249999999997,33.23875,7.98,73.69875,110.54999999999998,12.995999999999999,7.03580032847186,38.962500000000006,984.8000000000001,21.375,0.645,44.032500000000006,66.7375,84.26124999999999,15.157500000000002,2007-04-01,2007,4,春季
25.1175,34.58,15.382499999999997,75.44125000000001,166.66375000000002,11.3535,10.260987736485557,98.3475,979.85,25.588749999999997,0.69625,31.387499999999996,164.525,69.36125,19.92,2007-05-01,2007,5,春季
27.031249999999996,33.051249999999996,20.86,84.41125000000001,288.075,11.5875,9.504733220673339,120.60000000000001,975.8875,27.295,0.7975,26.630999999999997,178.03750000000002,79.37,23.995,2007-06-01,2007,6,夏季
27.5625,32.66625,23.195,85.42625000000001,153.17875,13.567499999999999,11.297172739725108,168.25249999999997,975.9000000000001,27.76625,0.8125000000000001,31.8105,173.9125,74.93374999999999,24.756249999999998,2007-07-01,2007,7,夏季
27.43875,33.835,22.53125,82.535,224.59499999999997,9.863999999999999,12.034511728400801,164.57125000000002,975.4500000000002,27.575,0.7925000000000001,24.552000000000003,109.3375,71.38875,24.0125,2007-08-01,2007,8,夏季
24.6225,31.398750000000003,15.89,81.8075,151.27499999999998,12.388499999999999,11.099315995006812,141.825,979.975,24.856250000000003,0.815,32.81850000000001,38.7125,69.09125,21.1,2007-09-01,2007,9,秋季
21.91,31.28125,12.38625,74.76,20.0725,13.581000000000001,13.329380606919358,109.15875000000001,986.225,22.19375,0.7,32.5935,43.775000000000006,47.58,16.845000000000002,2007-10-01,2007,10,秋季
16.43625,27.2975,3.946250000000001,68.33687499999999,14.662500000000001,14.463000000000001,13.433927802763785,48.224999999999994,989.9624999999999,16.6525,0.61875,34.780499999999996,31.9125,52.25750000000001,8.68125,2007-11-01,2007,11,秋季
14.530000000000001,25.9575,3.73375,73.03125,34.448750000000004,13.5945,8.309740890510923,13.7175,989.425,15.07375,0.5850000000000001,29.898,52.4625,78.06124999999999,9.196250000000001,2007-12-01,2007,12,冬季
9.08,26.722500000000004,-0.17500000000000007,71.30000000000001,65.56500000000001,16.0245,4.811365404658593,6.51,991.6499999999999,10.067499999999999,0.61125,31.4955,35.0375,70.395,3.66,2008-01-01,2008,1,冬季
9.165000000000001,24.035000000000004,-2.3075,71.04500000000002,59.087500000000006,14.805,4.389859052409259,13.920000000000002,993.15,10.20375,0.6912499999999999,33.4845,36.63750000000001,82.72250000000001,3.665,2008-02-01,2008,2,冬季
18.439999999999998,31.09875,6.33875,75.69,74.6325,11.623500000000002,7.273144514611687,30.690000000000005,985.575,18.965,0.65875,35.874,112.325,72.57125,13.475000000000001,2008-03-01,2008,3,春季
22.383749999999996,33.723749999999995,12.2325,78.82624999999999,87.7125,12.9735,6.838092847227272,53.175,982.0,23.2425,0.66625,33.5205,118.66250000000002,80.35125000000001,18.12,2008-04-01,2008,4,春季
24.64375,32.22625,16.38375,78.64625,224.40125,12.015,8.216955086887744,84.475,978.2874999999999,25.255,0.7037500000000001,33.1965,126.01249999999997,76.87625,20.29,2008-05-01,2008,5,春季
26.1,32.31875,19.88,85.91375000000001,296.00625,11.7675,6.978291292302666,113.88749999999999,975.8375000000001,26.3,0.8499999999999999,30.163500000000003,161.1375,87.72125000000001,23.39125,2008-06-01,2008,6,夏季
26.971249999999998,33.79750000000001,23.025,86.4375,247.76749999999998,11.7135,9.674505862936352,129.27,975.4875,27.03375,0.89125,28.4355,176.23749999999998,81.95125,24.378750000000004,2008-07-01,2008,7,夏季
26.8425,33.4675,22.222500000000004,86.38499999999999,273.14875000000006,11.515500000000001,10.244426838121056,122.91499999999999,976.6374999999999,26.974999999999994,0.89375,40.491,154.0125,83.67375,24.2675,2008-08-01,2008,8,夏季
26.05125,33.12625,18.22625,82.78625,188.43750000000003,10.611,12.686366657092691,133.6125,979.7249999999999,26.183750000000003,0.8675,48.43575,67.7625,60.36,22.730000000000004,2008-09-01,2008,9,秋季
22.851249999999997,29.702500000000008,15.525,81.72250000000001,94.35625,11.672999999999998,12.93865938094417,119.31125000000002,985.8625,23.021250000000002,0.815,30.546,54.22500000000001,59.022499999999994,19.34875,2008-10-01,2008,10,秋季
16.244999999999997,27.43125,4.67875,77.60624999999999,112.05,13.342500000000001,13.433927802763785,49.3875,990.3625,16.43125,0.8312499999999999,29.654999999999998,38.775000000000006,47.635000000000005,11.9375,2008-11-01,2008,11,秋季
12.55125,22.845000000000002,1.7849999999999997,73.01499999999999,18.71625,12.784500000000001,12.640589799906815,30.844999999999995,991.5499999999998,12.53125,0.7574999999999998,35.7435,37.4,48.70375,7.38,2008-12-01,2008,12,冬季
10.011249999999999,21.9025,0.73625,70.6075,11.74125,13.702500000000002,9.094021300646427,17.94125,993.3125000000001,10.47125,0.72,36.679500000000004,43.175000000000004,56.96375,4.3375,2009-01-01,2009,1,冬季
18.73375,30.644999999999996,8.42875,80.21125,9.94,13.059,9.160074988737664,25.27,984.35,19.25625,0.65375,36.81,145.70000000000002,58.6975,14.829999999999998,2009-02-01,2009,2,冬季
17.32625,30.90875,4.6475,78.33125000000001,82.73125,14.769,6.029937095837541,24.645,985.2250000000001,18.22,0.6725,44.7435,77.1375,84.64750000000001,13.141250000000001,2009-03-01,2009,3,春季
21.800000000000004,31.4625,11.52375,78.27000000000001,120.15000000000002,14.278500000000001,6.653599740773598,59.325,982.1749999999998,22.4575,0.69875,34.12799999999999,115.3625,81.63625,17.447499999999998,2009-04-01,2009,4,春季
24.40375,32.2125,16.76,81.0175,195.06750000000005,13.094999999999999,7.124315261360731,94.35624999999999,980.675,25.075000000000003,0.72125,31.590000000000003,123.61249999999998,80.52250000000001,20.645000000000003,2009-05-01,2009,5,春季
26.79,32.51625000000001,19.402499999999996,84.885,225.48750000000004,11.232000000000003,9.415327240577993,120.22500000000001,974.5500000000002,26.928750000000004,0.80375,27.801000000000002,170.4875,80.01749999999998,23.846250000000005,2009-06-01,2009,6,夏季
27.488750000000003,33.2775,22.92375,85.6325,283.22375,12.51,9.79842428228371,163.17625000000004,974.85,27.693749999999998,0.8475,35.802,167.5,76.40875,24.73375,2009-07-01,2009,7,夏季
27.65125,33.877500000000005,20.6075,82.6075,112.53000000000002,10.350000000000001,12.864581803170077,174.41374999999996,976.6875,27.7525,0.8087500000000001,36.108,105.95,63.0725,24.25375,2009-08-01,2009,8,夏季
26.846249999999998,34.13625,18.70375,79.33500000000001,130.35,12.046499999999998,13.132199045077462,155.4,979.5875,27.134999999999998,0.74625,36.522000000000006,57.35,55.05625,22.738750000000003,2009-09-01,2009,9,秋季
23.206250000000004,31.638749999999998,16.56,74.36250000000001,48.16625,11.8035,12.945707056734232,90.9075,984.4124999999999,23.526249999999997,0.6725000000000001,30.249,47.712500000000006,55.713750000000005,17.92625,2009-10-01,2009,10,秋季
15.829999999999998,30.34875,2.9875000000000003,67.39125,28.575000000000003,15.2055,12.636056400113452,30.187499999999996,989.75,16.5075,0.62875,39.118500000000004,40.2375,53.856249999999996,9.16125,2009-11-01,2009,11,秋季
13.129999999999999,24.778750000000002,2.5837499999999998,74.75125,21.7775,13.0905,8.094982014452423,9.183749999999996,990.1125,13.811249999999998,0.5925,39.590999999999994,55.975,78.15,8.31375,2009-12-01,2009,12,冬季
12.635,25.61625,2.3524999999999996,80.00124999999998,104.8575,13.4865,4.156554230569568,13.64,990.7125000000002,13.26,0.66,32.238,55.675000000000004,83.48875,8.963750000000001,2010-01-01,2010,1,冬季
15.4575,30.735,2.76,76.38,9.8,15.547500000000003,7.14629887085766,20.965,985.75,16.37625,0.6537499999999999,41.50350000000001,95.42499999999998,72.1325,10.815,2010-02-01,2010,2,冬季
18.092499999999998,31.021250000000002,4.277500000000001,71.4675,13.175,15.988499999999998,8.279166993119519,15.1125,986.2375,19.0025,0.5812499999999999,41.9625,103.8,73.44125,12.177499999999998,2010-03-01,2010,3,春季
20.58875,32.90375,9.145,78.0675,159.2625,14.8905,5.416641007507006,34.162499999999994,983.9375,21.447499999999998,0.66,34.411500000000004,91.3125,84.9025,16.23,2010-04-01,2010,4,春季
25.361250000000002,32.817499999999995,17.535,81.98875000000001,178.13375,13.194,7.3935645587357275,89.39625,977.8625000000001,25.9375,0.71125,35.419500000000006,154.5375,82.70124999999999,21.801249999999996,2010-05-01,2010,5,春季
25.81375,31.990000000000002,19.01375,87.15625,321.52500000000003,13.005,5.392861392176835,79.2,977.2000000000002,26.049999999999997,0.8125,30.541499999999996,150.9625,93.56625,23.40125,2010-06-01,2010,6,夏季
27.5875,32.70625,23.78375,86.38125,176.39,14.093999999999998,10.955096349946304,133.41625,977.05,27.68125,0.82375,35.577000000000005,166.70000000000002,84.24249999999999,24.984999999999996,2010-07-01,2010,7,夏季
26.875,32.3275,20.985,84.94874999999999,156.70499999999998,10.296000000000001,12.553933217482088,147.28874999999996,979.05,27.062499999999996,0.8450000000000001,24.831000000000003,139.6375,71.17125,24.00375,2010-08-01,2010,8,夏季
25.900000000000002,32.87,18.731250000000003,84.81,206.25,9.9045,11.281858610191323,131.70000000000002,980.1249999999999,26.103749999999998,0.8350000000000001,28.3005,109.36249999999998,70.5825,22.99125,2010-09-01,2010,9,秋季
20.57875,30.21875,8.24875,78.90625,35.37875,15.606,12.735949278529112,117.7225,985.6,20.923750000000002,0.7887500000000001,31.288500000000003,35.387499999999996,60.955,16.53875,2010-10-01,2010,10,秋季
16.853749999999998,26.15,8.925,73.3675,14.55,12.0735,13.433927802763785,59.55000000000001,988.9125,16.95625,0.6837500000000001,25.654500000000002,36.675,50.441250000000004,11.6075,2010-11-01,2010,11,秋季
13.318750000000001,25.18,-1.24375,72.0775,61.535,13.428000000000003,11.111361410272252,24.8775,987.7375000000001,13.52125,0.6687500000000001,40.270500000000006,43.4125,58.8475,7.8412500000000005,2010-12-01,2010,12,冬季
6.715,24.947499999999998,-0.8162499999999998,69.7475,18.8325,16.00425,2.965037870376108,5.6575000000000015,993.7874999999999,8.012500000000001,0.6575,36.7965,31.625,90.8425,1.1512499999999999,2011-01-01,2011,1,冬季
13.994999999999997,27.418750000000003,2.64125,77.13125,31.22,13.0995,5.160077612144032,13.474999999999998,987.075,14.787499999999998,0.64375,32.188500000000005,86.32499999999999,82.39,9.67875,2011-02-01,2011,2,冬季
14.320000000000002,26.6,5.225,74.40249999999999,85.67625,15.241499999999998,3.00770604296843,21.7775,989.8875,15.420000000000002,0.6725,45.126000000000005,45.212500000000006,93.91499999999999,9.402500000000002,2011-03-01,2011,3,春季
21.603749999999998,30.98375,10.6675,75.93625,53.849999999999994,12.491999999999999,7.663912900309529,39.862500000000004,983.9749999999999,22.311249999999998,0.63375,30.887999999999995,145.36249999999998,80.83625,16.715,2011-04-01,2011,4,春季
23.8975,33.46625,14.333749999999998,77.48,178.36625,13.1355,9.605940418128446,99.39375,979.7375,24.435000000000002,0.715,33.282,120.28750000000001,68.75,19.312500000000004,2011-05-01,2011,5,春季
27.259999999999998,33.823750000000004,21.400000000000002,84.27874999999999,303.33750000000003,12.9285,8.529202702865714,102.1875,974.7500000000001,27.565,0.7549999999999999,37.9035,164.85,86.74374999999999,24.173750000000002,2011-06-01,2011,6,夏季
27.57625,33.377500000000005,23.301249999999996,82.85749999999999,116.48250000000002,11.538,12.386096066721151,188.20875,975.075,27.805000000000003,0.805,34.50600000000001,167.26250000000002,67.49249999999999,24.22875,2011-07-01,2011,7,夏季
27.145,34.47125,21.13875,80.16125,106.02000000000001,9.769499999999999,12.864581803170077,156.0075,977.4374999999998,27.492499999999996,0.73875,24.804000000000002,158.15,61.707499999999996,23.13125,2011-08-01,2011,8,夏季
25.784999999999997,33.72125,16.13875,77.19124999999998,141.7125,13.7925,12.414804554316945,109.0875,979.4749999999999,26.34875,0.6937500000000001,43.2585,58.95,65.95375,21.147499999999997,2011-09-01,2011,9,秋季
21.10375,30.44375,13.69875,81.38749999999999,145.23499999999999,13.23,10.889341666315465,103.96624999999999,986.0250000000001,21.396250000000002,0.7737500000000002,35.442,45.2,64.63,17.56375,2011-10-01,2011,10,秋季
19.5275,28.162499999999998,9.45375,78.60875000000001,37.762499999999996,11.286,13.433927802763785,74.775,987.3875,19.635,0.705,33.0705,57.962500000000006,46.7025,15.40875,2011-11-01,2011,11,秋季
11.0275,22.618749999999995,2.01875,67.4225,12.942499999999997,15.7185,11.778978523934853,21.1575,993.425,11.6175,0.64625,33.457499999999996,34.0375,61.9475,4.297499999999999,2011-12-01,2011,12,冬季
9.178749999999999,22.99375,-0.1825,79.41375,81.4525,14.022,1.566681074179906,8.835,991.075,10.11125,0.6812500000000001,31.8105,39.1625,95.37749999999998,5.57375,2012-01-01,2012,1,冬季
12.193750000000001,25.7875,2.6,77.76625,32.73375,15.070499999999997,2.308373463596493,12.6875,987.6375,13.17875,0.6637500000000001,32.589,50.85,95.11,8.165,2012-02-01,2012,2,冬季
17.70125,29.12875,6.7075,78.0075,68.00625000000001,14.656500000000001,5.340768061262153,28.1325,985.5000000000001,18.45125,0.6712500000000001,42.043499999999995,92.01249999999999,88.5325,13.376249999999999,2012-03-01,2012,3,春季
23.28,35.27499999999999,13.170000000000002,77.60749999999999,112.1625,14.0985,8.803279320051406,51.3,980.3375,23.94375,0.6625000000000001,40.635000000000005,155.1375,77.01499999999999,18.6275,2012-04-01,2012,4,春季
26.267500000000002,35.45875,18.79625,82.0575,231.53125,11.934,8.516741498864011,80.79374999999999,977.525,26.810000000000002,0.7325,27.324,129.77499999999998,78.2425,22.64375,2012-05-01,2012,5,春季
26.701249999999998,32.41875,20.4275,86.15875,283.14374999999995,12.5235,7.225329197542972,110.99999999999999,972.9750000000001,26.8525,0.84375,29.717999999999996,144.475,88.99125000000001,24.075,2012-06-01,2012,6,夏季
27.259999999999994,32.685,23.276250000000005,86.1875,202.39124999999999,12.977999999999998,9.904890861958668,145.58375,974.6375,27.41,0.8437500000000001,40.27725,168.4,79.77875,24.632500000000004,2012-07-01,2012,7,夏季
27.330000000000002,33.2675,21.287499999999998,83.50625,188.4025,9.742500000000001,12.104193610234857,159.99875,975.3375,27.423750000000002,0.8562499999999998,45.229499999999994,92.3125,72.26249999999999,24.143749999999997,2012-08-01,2012,8,夏季
24.4775,31.318749999999994,15.112499999999999,81.17499999999998,102.30000000000001,11.2725,11.965489245798826,138.0,982.3249999999998,24.759999999999998,0.80125,31.346999999999998,63.25000000000001,71.59875000000001,20.815,2012-09-01,2012,9,秋季
22.835,29.90125,12.69625,76.8175,98.11499999999998,12.0375,13.021149156528802,97.45625,985.6,23.2775,0.7025,33.885,77.5625,51.5675,18.16125,2012-10-01,2012,10,秋季
17.78125,28.130000000000003,8.10375,81.88250000000001,94.6875,12.923999999999998,7.374023859755038,57.15,986.4875,18.181250000000002,0.7525,37.9215,70.275,79.50375,14.40375,2012-11-01,2012,11,秋季
12.549999999999999,26.112499999999997,0.03250000000000003,78.39,42.74125,15.444,7.2325420460525045,28.675000000000004,989.7875000000001,13.138750000000002,0.7400000000000001,39.644999999999996,46.625,79.22875,8.576250000000002,2012-12-01,2012,12,冬季
10.886249999999999,23.360000000000003,1.6187500000000001,79.11125000000001,23.87,13.6305,3.8873624787786945,14.686249999999998,991.6374999999999,11.47625,0.7100000000000001,32.507999999999996,49.37499999999999,87.9275,7.154999999999999,2013-01-01,2013,1,冬季
16.026249999999997,27.814999999999998,4.04,80.62875,26.285,14.7915,3.837208989285409,18.025000000000002,988.125,16.82375,0.675,36.9855,101.7625,88.81500000000001,12.41,2013-02-01,2013,2,冬季
20.0975,30.65,6.411250000000001,75.535,109.85625,13.9545,8.509020563459398,26.078750000000003,984.85,20.83125,0.65,37.187999999999995,119.96249999999999,72.5325,15.116249999999999,2013-03-01,2013,3,春季
21.597499999999997,32.785000000000004,10.91,80.08875,146.17499999999998,13.972499999999998,6.85697045252463,42.525,981.8375000000001,22.2875,0.7162499999999999,41.760000000000005,122.4875,84.23499999999999,17.64625,2013-04-01,2013,4,春季
25.2425,33.77,16.6175,83.8125,213.31875000000002,12.024,7.933883778373807,86.645,978.3000000000002,25.6,0.78375,29.4525,158.7125,79.79,22.082499999999996,2013-05-01,2013,5,春季
26.76375,33.33625,17.221249999999998,83.5625,192.975,13.3515,10.102211065862818,128.92499999999998,975.5749999999999,26.9825,0.805,32.724000000000004,160.49999999999997,75.43875,23.557499999999997,2013-06-01,2013,6,夏季
27.168749999999996,32.925000000000004,23.308750000000003,85.21875,216.34125,13.410000000000002,10.274292787474536,167.51624999999999,976.3,27.423750000000002,0.80125,31.589999999999996,164.75000000000003,76.22375,24.3275,2013-07-01,2013,7,夏季
27.245,33.16,23.087500000000002,84.87875,284.07625,11.952000000000002,10.916786648571641,141.1275,975.3,27.30875,0.8412499999999999,43.922250000000005,148.01250000000002,72.895,24.33125,2013-08-01,2013,8,夏季
25.067500000000003,31.98625,15.31125,83.37,175.12500000000003,11.466,11.447624755526467,129.26250000000002,980.525,25.235,0.8625,31.9725,45.65,67.65,21.902499999999996,2013-09-01,2013,9,秋季
20.99,30.41375,11.9225,77.10125000000001,31.581249999999994,12.7665,13.329380606919358,119.4275,986.7375,21.09125,0.77125,29.857499999999998,34.699999999999996,52.642500000000005,16.525000000000002,2013-10-01,2013,10,秋季
17.365,28.841250000000006,5.8875,78.08125,143.28749999999997,14.215500000000002,10.623004769785707,67.3125,989.1125,17.596249999999998,0.75625,41.2065,46.5625,68.61625,13.196250000000001,2013-11-01,2013,11,秋季
10.17375,22.814375,0.10124999999999981,72.63250000000001,92.3025,14.022000000000002,13.432114764177179,32.24,991.85,10.315,0.77875,34.398,31.887500000000003,43.964375,5.02625,2013-12-01,2013,12,冬季
12.0375,23.885,0.3112499999999999,75.61000000000001,6.51,12.784500000000001,10.703280247692714,28.055,991.7624999999998,11.952499999999999,0.7462500000000001,31.356000000000005,64.3625,46.10125000000001,7.425000000000001,2014-01-01,2014,1,冬季
12.2925,25.735,-0.13999999999999985,78.485,35.455,14.841000000000003,3.9933767577320336,14.735,988.1375000000002,13.23375,0.6937500000000001,35.730000000000004,65.8625,84.4775,8.35,2014-02-01,2014,2,冬季
17.58375,29.78375,8.9825,81.2675,88.62125,13.7385,4.074218098879162,25.652499999999996,986.5375,18.41375,0.69,39.455999999999996,91.94999999999999,91.61125,14.057500000000001,2014-03-01,2014,3,春季
22.876250000000002,30.931250000000002,15.748750000000001,83.06375,132.0375,13.635000000000002,5.584730987352349,46.9125,982.6750000000002,23.4325,0.72875,29.448,133.4375,91.37625000000001,19.601249999999997,2014-04-01,2014,4,春季
25.6175,34.31875,15.545000000000002,82.15,177.0875,12.820500000000001,8.217910779991971,68.74249999999999,978.7249999999999,26.1,0.7425,32.755500000000005,155.8875,83.62125,22.04,2014-05-01,2014,5,春季
27.424999999999997,33.1575,22.521250000000002,85.8025,307.2,10.5435,8.907468795964265,102.00000000000001,974.3625,27.587500000000002,0.84375,24.993,151.15,85.145,24.705,2014-06-01,2014,6,夏季
27.6975,33.6,23.951249999999998,86.14499999999998,265.78624999999994,10.206,11.42974043482463,116.1725,975.7874999999999,27.784999999999997,0.8887499999999999,37.15425,162.625,77.72875,25.062499999999996,2014-07-01,2014,7,夏季
27.05,32.9675,21.757499999999997,86.09875000000001,235.40625,9.9135,10.531921342271788,123.68999999999998,977.3624999999998,27.1825,0.8875,28.971,168.625,81.45625000000001,24.41625,2014-08-01,2014,8,夏季
26.31875,32.32875,17.86875,83.6825,176.58749999999998,10.791,13.132199045077462,135.63750000000002,979.5999999999999,26.465000000000003,0.87125,36.832499999999996,106.43750000000001,58.1125,23.1875,2014-09-01,2014,9,秋季
22.96,30.362499999999997,15.2,79.06125,56.265,10.709999999999999,13.329380606919358,121.01625,986.1000000000001,23.0675,0.7975000000000001,24.9975,72.8125,46.21249999999999,18.885,2014-10-01,2014,10,秋季
17.97,28.183750000000003,10.05125,82.97749999999999,83.81249999999999,12.825000000000001,8.722604657101416,55.8375,988.2999999999998,18.38375,0.7787499999999999,33.165,54.8875,73.01375,14.833750000000002,2014-11-01,2014,11,秋季
11.10875,21.1925,2.4312500000000004,70.7175,37.85875,14.787,10.846333889432913,29.76,993.6125,11.4625,0.735,36.17550000000001,36.55,62.004999999999995,5.4575000000000005,2014-12-01,2014,12,冬季
12.48125,23.5075,3.565,78.54,58.16375,13.387500000000001,8.17502218231153,22.5525,991.7124999999999,12.66875,0.7337499999999999,29.893499999999996,59.525,62.11875,8.53125,2015-01-01,2015,1,冬季
15.49625,28.781250000000004,3.1550000000000002,79.66375,38.675000000000004,12.806999999999999,6.442009435681159,20.685000000000002,988.5874999999999,16.1,0.705,35.8515,104.83749999999999,81.2825,11.6525,2015-02-01,2015,2,冬季
18.88375,31.754999999999995,7.793749999999999,80.51375,37.5875,13.869,4.617458717314573,25.419999999999998,986.6125,19.8275,0.6675,36.2745,104.725,88.285,15.12625,2015-03-01,2015,3,春季
22.695,35.59625,11.372499999999999,71.7525,44.8875,15.210000000000003,10.416259142373868,45.525,983.5999999999999,23.7025,0.61125,37.1745,141.9375,64.76625,16.669999999999998,2015-04-01,2015,4,春季
26.512499999999996,34.072500000000005,16.927500000000002,82.69375,261.175,13.126499999999998,8.312335792055846,70.1375,977.55,27.005,0.72,34.730999999999995,158.5625,81.86874999999999,23.0225,2015-05-01,2015,5,春季
27.5025,33.392500000000005,22.37,86.86875000000002,273.3375,14.539500000000002,9.418561243301832,105.9,976.0374999999999,27.62125,0.8337500000000001,34.119,175.4125,80.07,25.005,2015-06-01,2015,6,夏季
26.91625,34.12375,20.0125,84.02125000000001,297.56125,13.072500000000002,8.672181027912345,132.68,975.15,27.125,0.8262499999999998,31.405500000000004,129.8375,85.57875,23.815,2015-07-01,2015,7,夏季
26.95625,33.19625,21.753749999999997,84.01750000000001,187.3175,9.778500000000001,11.359855653956098,145.00249999999997,977.5125,27.0075,0.86875,24.093,142.43124999999998,78.40875,23.86125,2015-08-01,2015,8,夏季
25.7225,31.481250000000003,19.099999999999994,86.51375,207.6,11.07,9.608917095353014,111.975,981.05,25.93,0.8875,26.455499999999997,98.3875,80.155,23.191249999999997,2015-09-01,2015,9,秋季
22.385,30.19625,14.578750000000001,80.05625,136.1675,11.762999999999998,12.850231100932024,115.04875,986.1125,22.3825,0.84875,47.20499999999999,41.5125,56.332499999999996,18.54375,2015-10-01,2015,10,秋季
19.014999999999997,28.415000000000006,6.994999999999999,87.17250000000001,193.61250000000004,12.604500000000003,8.603368880906565,54.224999999999994,988.3,19.445,0.855,33.18300000000001,85.4625,79.8175,16.716250000000002,2015-11-01,2015,11,秋季
12.295,23.703750000000003,3.6100000000000003,85.22999999999999,113.73124999999999,13.9995,5.8270886810307045,21.50625,992.55,12.84875,0.87,31.594500000000004,38.5375,86.97874999999999,9.73875,2015-12-01,2015,12,冬季
11.0625,23.1675,-0.99125,86.08500000000001,160.69625,13.882499999999999,3.8934673116556806,14.22125,991.3999999999999,11.616249999999999,0.88,37.31399999999999,46.7375,87.79875,8.7225,2016-01-01,2016,1,冬季
11.363750000000001,25.28,0.595,76.5625,17.1825,15.048000000000002,7.691723021243735,20.155,993.2375000000002,11.63125,0.8650000000000001,37.467,37.800000000000004,68.03125,7.06375,2016-02-01,2016,2,冬季
16.8425,28.03375,4.234999999999999,82.89874999999999,66.34,12.8835,6.292486548852276,32.4725,987.0375,17.322499999999998,0.81125,37.233,96.85,83.315,13.6975,2016-03-01,2016,3,春季
23.08,31.996249999999996,13.238750000000001,85.265,182.17499999999998,12.015,7.783289885730469,53.849999999999994,980.375,23.42125,0.8125,41.6835,154.4125,79.425,20.242500000000003,2016-04-01,2016,4,春季
25.0975,32.3725,15.165,84.875,240.28875,12.933,9.151049412816318,81.72375,979.1750000000001,25.37875,0.83375,32.697,153.825,77.69874999999999,22.156249999999996,2016-05-01,2016,5,春季
27.259999999999998,32.64875,20.413749999999997,86.93874999999998,274.0875,12.4155,10.14607780996801,102.26250000000002,977.0875,27.38625,0.8962499999999999,27.792,177.6125,82.02375,24.778750000000002,2016-06-01,2016,6,夏季
27.7,33.60875,23.478750000000005,86.58375,203.5925,12.7575,11.088984551184895,111.17374999999998,976.6499999999999,27.70875,0.885,29.232000000000003,178.4375,78.77250000000001,25.1425,2016-07-01,2016,7,夏季
27.514999999999997,33.45875,20.105,84.36625,302.0175,10.642500000000002,11.030310852214065,117.68374999999999,974.2000000000002,27.5275,0.89875,43.069500000000005,84.65,83.24624999999999,24.509999999999998,2016-08-01,2016,8,夏季
25.655,32.60625,17.932499999999997,81.93624999999999,127.95000000000002,10.741499999999998,12.794958478307604,145.875,979.5500000000002,25.76625,0.865,28.165499999999998,35.3375,67.94624999999999,22.157500000000002,2016-09-01,2016,9,秋季
23.39,30.96875,13.15875,81.43875,99.66499999999999,13.702500000000002,12.950061815405432,127.91375,983.125,23.708750000000002,0.7737499999999999,36.994499999999995,45.3125,59.87375,19.82,2016-10-01,2016,10,秋季
17.580000000000002,28.5775,4.947500000000001,81.60125,83.1,14.31,9.878839459474081,61.64999999999999,988.6875,18.1675,0.76,34.4565,50.4,65.97125,14.17625,2016-11-01,2016,11,秋季
14.540000000000003,25.245,3.9612500000000006,75.11375,18.5225,14.004000000000001,12.963968358737961,37.8975,990.8125000000001,14.79,0.7150000000000001,35.604000000000006,47.975,60.417500000000004,9.772499999999999,2016-12-01,2016,12,冬季
14.299999999999999,25.107499999999998,4.96625,79.3725,59.209999999999994,13.0455,6.8576723533520205,23.87,990.6375,14.866249999999999,0.7075,32.4315,56.10000000000001,73.56875,10.49125,2017-01-01,2017,1,冬季
14.527500000000002,27.87,3.7150000000000003,73.85624999999999,29.189999999999998,14.5305,6.934884673799809,21.349999999999998,990.7125000000001,15.3975,0.6775,37.0845,67.75,75.92875,9.45,2017-02-01,2017,2,冬季
18.18875,30.448750000000004,9.67875,79.7975,137.60125,14.4,4.080814054667558,30.03125,985.8249999999999,18.98375,0.6925,38.637,89.2875,88.8725,14.271249999999998,2017-03-01,2017,3,春季
22.07625,33.18625,9.34,76.82,76.95000000000002,14.408999999999999,7.8843625761264455,67.875,982.6999999999999,22.8125,0.69375,36.3105,146.525,77.66625,17.39,2017-04-01,2017,4,春季
24.841250000000002,33.3825,16.84125,78.49249999999999,208.43625,11.403,9.637795929486261,123.45750000000001,980.8875,25.240000000000002,0.7512500000000001,30.6855,115.7125,76.6675,20.50375,2017-05-01,2017,5,春季
26.81875,33.41625,21.1325,87.39875,307.36875000000003,11.952000000000002,6.941166510157243,89.81250000000001,976.2374999999998,27.025000000000002,0.82625,27.2025,168.53750000000002,94.1375,24.43625,2017-06-01,2017,6,夏季
27.401250000000005,33.57875,23.73625,86.53624999999998,349.19562500000006,11.105999999999998,9.785705568033755,109.31375000000001,976.9375,27.446250000000003,0.9275,27.485999999999997,155.75,85.69375000000001,24.8425,2017-07-01,2017,7,夏季
27.445,33.51625,23.085,87.36,315.6575,11.6415,10.486231640332482,100.285,976.5125,27.44,0.9162500000000001,40.95,171.5875,83.28625,25.06375,2017-08-01,2017,8,夏季
27.165000000000003,32.52125,22.21875,85.36250000000001,148.05,9.486,12.521105290382396,121.64999999999999,980.0625000000001,27.305,0.8975,25.533000000000005,131.38750000000002,74.14875,24.37375,2017-09-01,2017,9,秋季
21.903750000000002,30.915,10.6325,81.73750000000001,126.55749999999999,14.373,12.931933234717128,100.905,985.7124999999999,22.21875,0.85,41.247,41.6625,64.54375,18.438750000000002,2017-10-01,2017,10,秋季
17.39375,28.4425,7.531250000000001,81.60125,61.762499999999996,13.770000000000001,7.851120659229239,54.675,988.7375000000002,17.791249999999998,0.795,31.229999999999997,39.7625,80.275,13.983749999999999,2017-11-01,2017,11,秋季
12.1775,20.677500000000002,1.3,73.60625,33.286249999999995,14.251500000000002,10.661587565801003,31.697499999999998,992.75,12.418750000000001,0.76375,35.653499999999994,34.775000000000006,70.38375,7.115000000000001,2017-12-01,2017,12,冬季
11.64375,23.5125,0.17499999999999988,79.14500000000001,63.123749999999994,14.278500000000001,4.788219860748094,19.56875,989.2875000000001,12.145000000000001,0.76375,37.2825,56.612500000000004,85.56125,7.8375,2018-01-01,2018,1,冬季
13.0725,26.775000000000006,-0.15250000000000005,73.29625,14.455,13.545,5.922053430069529,20.755,990.0625,13.774999999999999,0.7037499999999999,33.18300000000001,62.212500000000006,84.8475,7.92125,2018-02-01,2018,2,冬季
19.316249999999997,30.26125,6.148750000000001,76.57875,90.52,13.387500000000001,8.738613351452235,39.137499999999996,985.5875000000002,19.988750000000003,0.6925000000000001,38.83500000000001,139.0,68.84875000000001,14.595,2018-03-01,2018,3,春季
22.1925,32.269999999999996,10.036249999999999,75.075,96.78750000000001,14.0715,7.797470736344608,54.37500000000001,983.6124999999998,22.963749999999997,0.6737500000000001,41.13,146.7375,78.23499999999999,17.075,2018-04-01,2018,4,春季
26.237499999999997,33.166250000000005,20.0425,83.1375,189.06125,13.612499999999999,9.82167457629398,110.94125000000001,979.8375,26.61375,0.75125,29.673,177.81250000000003,75.625,22.931250000000002,2018-05-01,2018,5,春季
27.0775,32.9325,21.4575,83.93125,249.33749999999998,12.478499999999999,8.915262149898124,139.64999999999998,975.3375,27.345000000000002,0.8075,28.9305,149.70000000000002,86.82625,23.96,2018-06-01,2018,6,夏季
27.650000000000002,33.8775,23.655,85.65375000000002,299.5375,12.289500000000002,10.032715658489543,148.645,973.8749999999999,27.762499999999996,0.8499999999999999,28.732499999999998,136.15,86.745,24.897499999999997,2018-07-01,2018,7,夏季
27.5225,33.37875,23.02,84.90249999999999,274.66,9.9135,10.491665154566073,125.9375,973.4375,27.512500000000003,0.8825000000000001,30.2445,96.51249999999999,87.05875,24.6175,2018-08-01,2018,8,夏季
25.762500000000003,32.17,18.032500000000002,83.02749999999999,185.88750000000002,12.033,11.970668583924736,136.57500000000002,980.3375000000001,25.922499999999996,0.87875,37.073249999999994,73.6375,70.15625,22.50375,2018-09-01,2018,9,秋季
20.83625,28.57,13.323750000000002,79.94875,98.77374999999999,12.042,10.909432754880497,107.8025,987.3750000000001,21.03875,0.8225,28.008000000000003,44.31250000000001,67.905,16.935,2018-10-01,2018,10,秋季
18.145,26.98625,9.025,81.225,58.2,11.533500000000002,11.158835214442052,67.31250000000001,988.5749999999998,18.39,0.7812500000000001,29.979000000000003,55.3125,61.5575,14.637500000000001,2018-11-01,2018,11,秋季
12.945,27.28625,-1.2812500000000002,81.19624999999999,46.69375,16.038,5.452062424082076,27.2025,991.6374999999999,13.703749999999998,0.74875,31.8735,40.9875,84.58125,9.6025,2018-12-01,2018,12,冬季
11.91,23.9,0.3049999999999999,82.3925,49.212500000000006,13.616999999999999,4.1215176249625625,14.26,992.475,12.5775,0.74,32.058,44.875,87.6675,8.786249999999999,2019-01-01,2019,1,冬季
15.32,27.7275,5.32,83.0725,85.505,13.509,4.488605614569966,18.619999999999997,987.8499999999999,16.155,0.7224999999999999,34.9155,73.4625,86.39875,12.2425,2019-02-01,2019,2,冬季
18.53,29.825000000000003,9.6875,83.4075,139.11249999999998,13.752,5.618005481707128,37.238749999999996,985.175,19.159999999999997,0.7875000000000001,33.9075,77.175,84.06125,15.453749999999998,2019-03-01,2019,3,春季
23.636249999999997,32.55125,13.305,84.83,179.4,13.054500000000003,8.170716900622596,61.912499999999994,981.0249999999999,24.06,0.7975000000000001,32.31000000000001,157.75,77.52625,20.711249999999996,2019-04-01,2019,4,春季
24.865,33.54625,16.8275,83.34625,187.395,12.438,6.706003147176278,80.87125,979.175,25.36625,0.7925000000000001,30.006000000000004,114.68750000000001,83.5,21.6275,2019-05-01,2019,5,春季
27.315000000000005,32.47125,20.7025,88.185,313.4625,12.667500000000002,8.374038608040996,87.97500000000001,975.2624999999999,27.39375,0.8887499999999999,27.810000000000002,175.7,89.24125,25.1,2019-06-01,2019,6,夏季
27.645000000000003,32.67875000000001,22.26625,88.05625,299.789375,12.064499999999999,9.293247645252096,91.64375,974.7375000000001,27.69625,0.9237500000000001,34.767,166.33749999999998,89.56375,25.4075,2019-07-01,2019,7,夏季
28.18,33.823750000000004,22.98,83.93875,238.138125,10.282499999999999,12.062685016071836,139.84875000000002,974.5875,28.178749999999994,0.9025,37.7595,94.775,78.50375,25.057499999999997,2019-08-01,2019,8,夏季
25.926249999999996,32.99375,16.53125,77.55875,85.3125,10.71,13.132199045077462,161.5875,981.95,25.820000000000004,0.85,28.827,44.85,52.39750000000001,21.395000000000003,2019-09-01,2019,9,秋季
22.623749999999998,31.10625,11.756250000000001,80.14625000000001,78.77875,11.259000000000002,11.906777559550859,107.37625,986.3875,22.973749999999995,0.76,26.748,64.28750000000001,61.496249999999996,18.74,2019-10-01,2019,10,秋季
17.9725,27.918750000000003,8.206249999999999,73.89375,26.062499999999996,13.4325,13.15037288737966,57.375,989.0625,18.3925,0.685,35.914500000000004,46.612500000000004,57.38875,12.82,2019-11-01,2019,11,秋季
14.084999999999999,26.527499999999996,3.3587500000000006,69.7325,9.9975,13.410000000000002,12.29627004211118,28.519999999999996,991.6499999999999,14.381250000000001,0.6175,33.3855,38.325,57.52499999999999,7.885000000000001,2019-12-01,2019,12,冬季
14.4375,26.581249999999997,2.2937499999999997,76.29124999999999,62.154999999999994,14.422500000000003,6.067963888905991,16.46875,989.7375000000001,15.188749999999999,0.6162500000000001,34.30800000000001,74.375,78.64375,9.86625,2020-01-01,2020,1,冬季
15.82875,27.64625,4.111249999999999,79.1575,97.5125,13.7295,6.146672323509658,22.185,990.75,16.3675,0.7087500000000001,44.149499999999996,95.05,82.25999999999999,11.860000000000001,2020-02-01,2020,2,冬季
19.45875,30.301250000000003,9.600000000000001,82.17250000000001,167.12874999999997,14.7375,5.411708108023513,35.185,984.7874999999999,20.013749999999998,0.75,35.748,102.73750000000001,87.0675,16.07,2020-03-01,2020,3,春季
19.52375,30.3475,10.465,80.08875,136.05,13.3605,7.118829810758092,54.8625,986.7124999999999,20.0175,0.79625,34.53750000000001,73.825,85.07125,15.676250000000001,2020-04-01,2020,4,春季
26.4025,34.3275,19.15125,82.63,218.66624999999996,12.7305,10.36190637445389,111.48375,978.3,26.73875,0.77375,30.258,180.2375,75.77499999999999,22.9525,2020-05-01,2020,5,春季
27.68875,32.38,23.490000000000002,87.71000000000001,326.40000000000003,15.457500000000001,8.531725334361667,92.69999999999999,975.8999999999999,27.776249999999997,0.8637500000000001,30.442500000000003,180.48749999999998,89.57249999999999,25.36125,2020-06-01,2020,6,夏季
28.196250000000003,33.695,23.971250000000005,84.64375,181.38875000000002,13.6125,11.462929171907092,136.24499999999998,976.4875000000001,28.31875,0.8362499999999999,29.205000000000002,184.72499999999997,85.66125,25.192499999999995,2020-07-01,2020,7,夏季
27.384999999999998,33.10625,23.327499999999997,85.03,280.16249999999997,11.488499999999998,11.309213343305695,135.54749999999999,976.575,27.509999999999998,0.86625,33.1695,152.85,77.165,24.502499999999998,2020-08-01,2020,8,夏季
25.8675,32.83375,18.39375,86.22250000000001,256.2375,10.359,9.404640393252024,104.8125,980.15,26.1125,0.87625,32.211,104.56250000000001,82.835,23.258750000000003,2020-09-01,2020,9,秋季
20.481250000000003,30.152500000000003,12.65,83.62624999999998,210.79999999999998,14.2335,10.367535507956067,74.05125,986.1500000000001,20.848750000000003,0.87,34.407000000000004,35.5875,77.91625,17.43,2020-10-01,2020,10,秋季
18.0375,27.985,6.847499999999999,79.55625,10.500000000000002,14.584499999999998,12.37817242274646,58.0125,989.825,18.35875,0.78875,30.271500000000007,39.4625,58.11125,14.11875,2020-11-01,2020,11,秋季
11.2875,23.84375,0.8950000000000001,74.91000000000001,9.377500000000001,16.056,9.573459865647553,21.506249999999998,992.5375000000001,12.100000000000001,0.7175,38.119499999999995,31.962500000000002,72.14375000000001,6.608750000000001,2020-12-01,2020,12,冬季
11.50375,23.26375,0.13000000000000006,69.6125,6.08375,13.257000000000001,8.758099620469325,17.7475,991.675,11.8525,0.6599999999999999,37.016999999999996,43.525,62.04875000000001,5.10125,2021-01-01,2021,1,冬季
17.045,27.051249999999996,8.216249999999999,76.77,86.45,11.664,9.152305800114672,25.235,987.7125,17.595,0.6900000000000002,33.624,80.8375,60.845,12.477500000000001,2021-02-01,2021,2,冬季
19.878750000000004,32.916250000000005,9.563749999999999,79.49625,62.89125,14.831999999999997,6.032498018486985,31.03875,985.1625,20.7025,0.6849999999999999,37.863,131.5875,85.99624999999999,15.850000000000001,2021-03-01,2021,3,春季
22.591250000000002,33.1825,14.227500000000001,80.435,153.6,13.0725,5.463890138886647,48.0,983.6374999999999,23.361250000000002,0.7024999999999999,28.494,99.9375,86.67625,18.7325,2021-04-01,2021,4,春季
26.3975,33.915,19.2375,83.99125000000001,243.505,13.8375,8.597798422761592,91.72125,978.8125,26.725,0.7825,31.365000000000002,179.29999999999998,81.47125,23.247500000000002,2021-05-01,2021,5,春季
27.57875,33.739999999999995,19.213749999999997,83.11500000000001,248.28749999999997,12.802500000000002,9.78369638884446,136.35,975.7625,27.746249999999996,0.81125,29.245500000000003,164.175,85.40625,24.245,2021-06-01,2021,6,夏季
28.34875,34.372499999999995,23.955,82.0475,169.53125,11.142000000000001,12.550186051769066,167.36124999999998,975.3875,28.603749999999998,0.8062499999999999,29.2365,168.49999999999997,78.71124999999999,24.775,2021-07-01,2021,7,夏季
28.018749999999994,33.725,23.171249999999997,84.02999999999999,221.37874999999997,10.8495,11.901374761882385,168.64,977.0625000000001,28.2225,0.8275,23.161499999999997,168.425,84.42375,24.901250000000005,2021-08-01,2021,8,夏季
27.54125,33.96375,22.573749999999997,80.06750000000001,129.8625,8.2035,13.132199045077462,136.275,981.0500000000001,27.7925,0.7787499999999998,20.5245,126.175,62.96625,23.53875,2021-09-01,2021,9,秋季
21.402500000000003,32.807500000000005,11.76,79.18249999999999,127.56500000000001,14.701500000000001,10.159837050388536,87.14874999999999,985.7625,21.9225,0.7525000000000001,47.542500000000004,38.099999999999994,70.34875,17.377499999999998,2021-10-01,2021,10,秋季
17.18,28.965,8.065000000000001,75.21875,56.2875,14.008500000000002,10.78611269983354,51.412499999999994,989.05,17.576249999999998,0.73375,38.128499999999995,36.9,67.765,12.280000000000001,2021-11-01,2021,11,秋季
13.33125,24.3525,1.6687500000000002,71.51625,13.8725,13.5675,12.95092277407818,27.899999999999995,992.8375,13.715,0.6675,32.715,36.587500000000006,52.4675,7.7325,2021-12-01,2021,12,冬季
12.995,23.75875,2.145,80.92625,69.0525,13.220999999999998,3.849318024901001,12.167499999999999,989.7125000000001,13.6525,0.67125,28.822499999999998,50.8875,87.75,9.5325,2022-01-01,2022,1,冬季
10.231250000000001,24.3,0.9712499999999998,81.8725,154.20999999999998,15.983999999999998,3.4630024272106175,12.355,990.875,11.2625,0.76875,35.563500000000005,39.7375,87.48625,7.075,2022-02-01,2022,2,冬季
20.027499999999996,30.383749999999996,9.635000000000002,82.60625,95.47999999999999,13.761,6.9630122390525475,48.824999999999996,983.725,20.501250000000002,0.7787499999999999,36.319500000000005,139.17499999999998,78.4725,16.73,2022-03-01,2022,3,春季
21.4325,32.417500000000004,8.995000000000001,76.87125,137.475,13.8375,9.970100437999266,71.36250000000001,984.1499999999999,21.887499999999996,0.755,36.499500000000005,96.75,62.28,16.75,2022-04-01,2022,4,春季
23.20125,30.6725,13.298750000000002,83.8275,362.11875000000003,12.433500000000002,6.302485321215609,78.74,980.375,23.541249999999998,0.84875,33.9615,90.4375,89.30625,20.092499999999998,2022-05-01,2022,5,春季
26.726249999999997,31.8425,21.55125,89.01375,306.675,13.234499999999999,6.918105735387465,71.51249999999999,975.5125,26.748749999999998,0.93,27.846,177.5625,92.61125000000001,24.6875,2022-06-01,2022,6,夏季
27.8025,32.8925,23.571250000000003,85.60125000000001,198.7875,12.087000000000002,12.244674663808075,147.59875000000002,976.2625000000002,27.945,0.9012500000000001,35.282250000000005,176.45,66.315,25.03375,2022-07-01,2022,7,夏季
27.773750000000003,33.85375,23.483749999999997,83.90125,211.10999999999996,10.98,11.383865683968846,173.71625000000003,977.2875,28.025,0.845,42.331500000000005,145.7375,75.345,24.645,2022-08-01,2022,8,夏季
26.722499999999997,33.74875,20.517500000000002,76.58749999999999,95.09999999999998,10.282499999999999,13.132199045077462,162.15,980.925,26.91375,0.75875,24.588000000000005,52.625,65.26625000000001,21.97375,2022-09-01,2022,9,秋季
22.16375,31.9275,12.51125,69.42125,42.625,15.0075,13.329380606919358,86.8,987.125,22.57125,0.68,36.396,39.087500000000006,49.1175,15.629999999999999,2022-10-01,2022,10,秋季
20.84125,30.177500000000002,7.585000000000001,78.505,79.72500000000001,12.874500000000001,10.164377224707591,40.0125,986.0500000000001,21.31125,0.6524999999999999,34.86150000000001,70.92500000000001,66.8575,16.535,2022-11-01,2022,11,秋季
11.103750000000002,22.2325,2.1312499999999996,67.35375,12.74875,15.745500000000002,11.598350640824597,22.63,992.5749999999999,11.8125,0.6524999999999999,41.121,34.79999999999999,63.23625,4.66875,2022-12-01,2022,12,冬季
12.14875,26.53375,0.9324999999999998,70.58250000000001,43.089999999999996,15.146999999999998,7.877952208311826,17.08875,991.7624999999998,12.59375,0.6475,38.871,39.025,67.30375,6.359999999999999,2023-01-01,2023,1,冬季
15.681250000000002,29.108749999999997,5.671250000000001,76.59625,48.965,14.4225,6.497968331520761,17.92,989.2624999999999,16.300000000000004,0.6575,36.24750000000001,72.65,73.86375,11.1475,2023-02-01,2023,2,冬季
19.59375,33.35125,10.049999999999999,74.07124999999999,80.94875,13.468499999999999,7.7541542729740645,22.823750000000004,986.5249999999999,20.402499999999996,0.6175,38.7045,97.42500000000001,76.29999999999998,14.29375,2023-03-01,2023,3,春季
23.298750000000002,33.03375,12.96,76.52875,115.0125,15.426,7.961148566373243,51.487500000000004,981.225,23.9475,0.6487499999999999,37.125,136.275,77.57000000000001,18.42,2023-04-01,2023,4,春季
26.246249999999996,36.275000000000006,17.048750000000002,77.36125,157.82874999999999,14.4135,8.915812465752747,114.35125,979.3875,26.924999999999997,0.6825000000000001,36.4905,149.875,72.625,21.50125,2023-05-01,2023,5,春季
27.885,36.063750000000006,22.311249999999998,81.59750000000001,267.65625,11.700000000000001,8.540760805028953,113.51249999999999,976.6125,28.2825,0.76,27.373500000000003,150.25,84.57000000000001,24.115000000000002,2023-06-01,2023,6,夏季
28.599999999999998,34.48375000000001,23.963749999999997,81.88625,177.5525,13.9365,11.684209075797394,185.41875000000005,976.275,28.835,0.78125,38.036249999999995,168.6125,78.85375,24.986250000000002,2023-07-01,2023,7,夏季
27.76625,33.445,20.78125,83.705,263.5775,9.994499999999999,9.023648353052325,163.25375,975.675,28.071249999999996,0.8062500000000001,25.1595,138.1,88.17375,24.582499999999996,2023-08-01,2023,8,夏季
26.5525,32.385,20.37,84.22,228.63750000000002,12.159,10.465861615521371,153.75,979.7749999999999,26.755,0.82,32.539500000000004,64.8125,72.20125,23.511249999999997,2023-09-01,2023,9,秋季
23.09,32.055,14.8925,79.42875,132.71875,12.6405,11.994255885265975,112.64625,986.375,23.44875,0.74375,37.5885,50.14999999999999,64.86,19.057499999999997,2023-10-01,2023,10,秋季
19.127499999999998,29.59375,8.29125,77.0125,43.387499999999996,12.177,12.804087864236577,66.7875,989.7875,19.29625,0.7212500000000001,35.7345,60.05,53.635,14.625000000000002,2023-11-01,2023,11,秋季
14.16375,28.19625,0.39374999999999993,72.94875,22.04875,14.800500000000001,11.018166124769987,23.056250000000002,992.1750000000002,14.73625,0.6599999999999999,40.6485,46.912499999999994,65.06875000000001,8.8975,2023-12-01,2023,12,冬季
13.561250000000001,24.716250000000002,-1.3737499999999998,81.30375000000001,99.66500000000002,13.8105,3.990135337276693,16.120000000000005,991.8250000000002,14.255,0.69125,36.5985,64.26249999999999,85.56875,10.1725,2024-01-01,2024,1,冬季
14.22625,30.5575,3.3100000000000005,77.03875,39.33124999999999,16.173,4.9385434734965505,18.705,989.6874999999999,15.037499999999998,0.67375,38.61,68.9375,79.52375,9.84,2024-02-01,2024,2,冬季
19.32875,31.88375,4.9625,76.66125000000001,69.6725,15.2685,6.4758724348658,35.76625,985.9125,20.0175,0.6675,40.032,114.70000000000002,84.06375,14.647499999999999,2024-03-01,2024,3,春季
25.115,35.213750000000005,16.436249999999998,80.6,190.63124999999997,13.5135,8.67940271826625,59.287499999999994,978.9000000000001,25.65625,0.7075,33.552,155.075,76.37875000000001,21.08875,2024-04-01,2024,4,春季
24.895,32.6875,17.2275,84.0175,301.8754166666667,12.105,6.767901821712229,100.51749999999998,980.4875,25.209999999999997,0.8537500000000001,29.875500000000002,101.14999999999999,86.85125000000001,21.82125,2024-05-01,2024,5,春季
27.1,32.01,21.122500000000002,89.025,308.0875,12.7035,6.11128290958193,79.23749999999998,976.9250000000001,27.235,0.9350000000000002,26.7165,158.26250000000002,94.6525,25.0625,2024-06-01,2024,6,夏季
28.001250000000002,34.02250000000001,24.316250000000004,86.36125,273.69124999999997,13.383,10.011569559149484,145.11875,975.775,28.15,0.9049999999999999,32.665499999999994,160.1,81.845,25.39,2024-07-01,2024,7,夏季
27.975,33.325,23.92125,84.74625,256.33124999999995,9.5895,11.114150912722858,147.63750000000002,977.4374999999999,28.10625,0.905,25.9695,177.96249999999998,76.55000000000001,25.03,2024-08-01,2024,8,夏季
26.810000000000002,33.10875,18.242500000000003,83.54125,201.93749999999997,11.844000000000001,11.761820494018776,134.25,978.3625,26.88,0.88,36.50625,51.68749999999999,74.13875,23.64625,2024-09-01,2024,9,秋季
21.85,29.883750000000006,12.62125,77.73375000000001,58.04750000000001,14.436,13.329380606919358,130.045,985.675,22.087500000000002,0.7875,33.552,35.27499999999999,54.32625,17.485000000000003,2024-10-01,2024,10,秋季
18.9075,29.630000000000003,8.436250000000001,73.8575,17.737499999999997,13.477500000000001,13.433927802763785,74.13749999999999,989.1000000000001,19.2275,0.6975,30.8205,38.25000000000001,47.1075,13.676250000000001,2024-11-01,2024,11,秋季
12.95125,24.92625,3.98125,66.77374999999999,8.06,14.607000000000001,11.406381801880826,24.451249999999998,992.1124999999997,13.45875,0.62625,31.589999999999996,38.5375,64.00625000000001,6.3,2024-12-01,2024,12,冬季
13.34875,24.44,2.2650000000000006,65.62062499999999,13.213750000000003,13.2345,10.703280247692714,17.70875,991.4375,13.665,0.5599999999999999,42.475500000000004,50.662499999999994,48.375,5.509999999999999,2025-01-01,2025,1,冬季
13.581250000000002,27.701249999999998,2.8049999999999997,73.2525,33.775,14.418,2.6455856573788012,8.609999999999998,991.1625000000001,14.614999999999998,0.5700000000000001,34.3665,50.3875,92.67124999999999,8.3875,2025-02-01,2025,2,冬季
18.11375,33.072500000000005,6.8687499999999995,68.69375,47.313750000000006,16.2,8.132634845511062,24.955,987.1249999999999,19.250000000000004,0.5900000000000001,39.617999999999995,58.150000000000006,70.76375,11.5275,2025-03-01,2025,3,春季
23.946250000000003,35.6175,9.568750000000001,69.2375,69.375,12.757499999999999,9.463303812490581,31.5375,982.6,24.921250000000004,0.5387500000000001,46.3725,157.12499999999997,77.82,16.24375,2025-04-01,2025,4,春季
25.20375,33.84125,15.09875,80.4625,310.8525,12.217500000000001,7.343163374017949,91.37249999999999,980.4000000000001,25.761249999999997,0.7450000000000001,40.792500000000004,145.1875,84.845,21.235,2025-05-01,2025,5,春季
27.08375,33.26375,20.803749999999997,85.82999999999998,366.13125,13.027499999999998,7.840349966457694,122.32500000000002,976.5625,27.2875,0.84625,36.369,156.6625,89.05125,24.363750000000003,2025-06-01,2025,6,夏季
28.296249999999997,33.8275,23.59625,82.80875000000002,248.96875,9.715499999999999,11.068910235671673,172.24375,973.2375000000001,28.411250000000003,0.88375,39.644999999999996,90.99999999999999,80.08375,24.92,2025-07-01,2025,7,夏季
27.281249999999996,32.676249999999996,22.79375,85.36250000000001,317.6725,11.479500000000002,10.165576843087555,141.16625,978.1375,27.405,0.89625,29.736,145.35,82.99125,24.4775,2025-08-01,2025,8,夏季
26.615000000000002,32.11625,20.43875,84.2925,210.2625,11.817,11.755931044622667,140.7375,980.3625000000001,26.772499999999997,0.8674999999999999,42.7095,93.3375,73.2675,23.61,2025-09-01,2025,9,秋季
22.9325,31.387500000000003,11.352500000000001,82.18875,128.495,14.085,12.707565418932202,113.38250000000001,985.9625,23.2275,0.8400000000000001,44.1135,54.275000000000006,62.19125,19.57875,2025-10-01,2025,10,秋季
16.53125,26.791249999999998,5.535000000000001,75.39750000000001,51.225,14.966999999999999,12.189253890183107,59.0625,990.325,16.66375,0.79125,35.7615,28.537499999999998,58.5975,11.715000000000002,2025-11-01,2025,11,秋季
15.278749999999999,24.47,4.37375,77.715,37.548750000000005,11.618999999999998,11.328213439402486,36.580000000000005,989.8375,15.45875,0.74,38.07000000000001,48.574999999999996,66.83375,11.088750000000001,2025-12-01,2025,12,冬季
